section,key,value
overview,instance_count,3335
overview,instance_area_um2,51967
overview,stdcell_area_um2,42446.4
overview,die_area_um2,55712
overview,core_area_um2,51967
overview,utilization,0.816796
overview,utilization_stdcell,0.816796
overview,displacement_total_um,257.6
overview,displacement_mean_um,0.1205
overview,displacement_max_um,15.68
class,buffer.count,27
class,buffer.area_um2,1268.83
class,clock_buffer.count,32
class,clock_buffer.area_um2,1286.39
class,endcap_cell.count,78
class,endcap_cell.area_um2,342.451
class,fill_cell.count,1204
class,fill_cell.area_um2,9520.58
class,inverter.count,528
class,inverter.area_um2,4671.39
class,multi_input_combinational_cell.count,789
class,multi_input_combinational_cell.area_um2,17047.9
class,sequential_cell.count,170
class,sequential_cell.area_um2,12846.3
class,tap_cell.count,348
class,tap_cell.area_um2,1527.86
class,tie_cell.count,3
class,tie_cell.area_um2,26.3424
class,timing_repair_buffer.count,156
class,timing_repair_buffer.area_um2,3428.9
timing.max_ff_n40C_3v60,setup_wns_ns,0.0
timing.max_ff_n40C_3v60,setup_tns_ns,0.0
timing.max_ff_n40C_3v60,hold_wns_ns,0
timing.max_ff_n40C_3v60,hold_tns_ns,0.0
timing.max_ff_n40C_3v60,max_slew_violations,0
timing.max_ff_n40C_3v60,max_fanout_violations,3
timing.max_ss_125C_3v00,setup_wns_ns,-2.8480045794480615
timing.max_ss_125C_3v00,setup_tns_ns,-48.28970782148812
timing.max_ss_125C_3v00,hold_wns_ns,0
timing.max_ss_125C_3v00,hold_tns_ns,0.0
timing.max_ss_125C_3v00,max_slew_violations,317
timing.max_ss_125C_3v00,max_fanout_violations,3
timing.max_tt_025C_3v30,setup_wns_ns,0.0
timing.max_tt_025C_3v30,setup_tns_ns,0.0
timing.max_tt_025C_3v30,hold_wns_ns,0
timing.max_tt_025C_3v30,hold_tns_ns,0.0
timing.max_tt_025C_3v30,max_slew_violations,0
timing.max_tt_025C_3v30,max_fanout_violations,3
timing.min_ff_n40C_3v60,setup_wns_ns,0.0
timing.min_ff_n40C_3v60,setup_tns_ns,0.0
timing.min_ff_n40C_3v60,hold_wns_ns,0
timing.min_ff_n40C_3v60,hold_tns_ns,0.0
timing.min_ff_n40C_3v60,max_slew_violations,0
timing.min_ff_n40C_3v60,max_fanout_violations,3
timing.min_ss_125C_3v00,setup_wns_ns,-1.657600326139125
timing.min_ss_125C_3v00,setup_tns_ns,-21.17318291735311
timing.min_ss_125C_3v00,hold_wns_ns,0
timing.min_ss_125C_3v00,hold_tns_ns,0.0
timing.min_ss_125C_3v00,max_slew_violations,181
timing.min_ss_125C_3v00,max_fanout_violations,3
timing.min_tt_025C_3v30,setup_wns_ns,0.0
timing.min_tt_025C_3v30,setup_tns_ns,0.0
timing.min_tt_025C_3v30,hold_wns_ns,0
timing.min_tt_025C_3v30,hold_tns_ns,0.0
timing.min_tt_025C_3v30,max_slew_violations,0
timing.min_tt_025C_3v30,max_fanout_violations,3
timing.nom_ff_n40C_3v60,setup_wns_ns,0.0
timing.nom_ff_n40C_3v60,setup_tns_ns,0.0
timing.nom_ff_n40C_3v60,hold_wns_ns,0
timing.nom_ff_n40C_3v60,hold_tns_ns,0.0
timing.nom_ff_n40C_3v60,max_slew_violations,0
timing.nom_ff_n40C_3v60,max_fanout_violations,3
timing.nom_ss_125C_3v00,setup_wns_ns,-2.192992516319446
timing.nom_ss_125C_3v00,setup_tns_ns,-32.89543308635681
timing.nom_ss_125C_3v00,hold_wns_ns,0
timing.nom_ss_125C_3v00,hold_tns_ns,0.0
timing.nom_ss_125C_3v00,max_slew_violations,246
timing.nom_ss_125C_3v00,max_fanout_violations,3
timing.nom_tt_025C_3v30,setup_wns_ns,0.0
timing.nom_tt_025C_3v30,setup_tns_ns,0.0
timing.nom_tt_025C_3v30,hold_wns_ns,0
timing.nom_tt_025C_3v30,hold_tns_ns,0.0
timing.nom_tt_025C_3v30,max_slew_violations,0
timing.nom_tt_025C_3v30,max_fanout_violations,3
drc_antenna_lint,antenna_violating_nets,0
drc_antenna_lint,antenna_violating_pins,0
drc_antenna_lint,route_antenna_violation_count,0
drc_antenna_lint,antenna_diodes_count,0
drc_antenna_lint,route_drc_errors_final,0
drc_antenna_lint,magic_drc_error_count,0
drc_antenna_lint,lint_error_count,0
drc_antenna_lint,lint_warning_count,1
drc_antenna_lint,lint_timing_construct_count,0
drc_antenna_lint,inferred_latch_count,0
drc_antenna_lint,unmapped_cell_count,0
flag,FAIL vs. plan target,utilization 81.68% (stdcell area 42446.4 um^2 / core area 51967 um^2) exceeds the project's <=60% design target. The plan's pre-route yosys estimate was ~32.8k um^2; the real post-route stdcell area is 42446.4 um^2 -- 1.3x the estimate.
flag,setup timing,"corner max_ss_125C_3v00: setup WNS -2.848 ns, TNS -48.290 ns (317 slew, 3 fanout violations)"
flag,setup timing,"corner min_ss_125C_3v00: setup WNS -1.658 ns, TNS -21.173 ns (181 slew, 3 fanout violations)"
flag,setup timing,"corner nom_ss_125C_3v00: setup WNS -2.193 ns, TNS -32.895 ns (246 slew, 3 fanout violations)"
flag,fanout,"3 max-fanout violation(s), present in every corner (structural, not corner-dependent) -- metrics.csv does not name the offending net(s)."
flag,lint (informational),1 lint warning(s) in the synthesised design.
