item,n_cells,x_norm,y_norm,centroid_x_um,centroid_y_um,bbox_x0_um,bbox_y0_um,bbox_x1_um,bbox_y1_um,bbox_x0_norm,bbox_y0_norm,bbox_x1_norm,bbox_y1_norm,cell_area_um2
delay_chain,24,-0.35288054580167927,-0.7813747228381374,112.15874380165295,17.568727272727287,62.72,3.92,260.40000000000003,50.96,-0.6381260096930533,-0.9512195121951219,0.5024232633279486,-0.36585365853658536,1328.095999999999
fmax_flops,9,-0.2837910608508346,-0.7262872628726287,124.13333333333334,21.995555555555555,82.32,11.76,165.76,39.2,-0.5250403877221326,-0.8536585365853658,-0.043618739903069526,-0.5121951219512195,671.7312
g_puf[0],26,0.8736364335718141,-0.21370499419279865,324.7386666666668,63.186666666666696,300.16,47.04,342.16,70.56,0.731825525040388,-0.41463414634146345,0.9741518578352184,-0.12195121951219512,230.49599999999998
g_puf[10],26,0.904469574582661,-0.7279907084785132,330.0826666666668,21.85866666666668,312.48,7.84,342.16,39.2,0.8029079159935382,-0.9024390243902439,0.9741518578352184,-0.5121951219512195,230.49599999999998
g_puf[11],26,0.9241633971843994,-0.6062717770034841,333.4960000000001,31.64000000000002,323.12,15.68,342.16,50.96,0.8642972536348952,-0.8048780487804879,0.9741518578352184,-0.36585365853658536,230.49599999999998
g_puf[12],26,0.8970228479113787,0.4929152148664353,328.79200000000014,119.97066666666674,312.48,94.08,342.16,145.04,0.8029079159935382,0.1707317073170731,0.9741518578352184,0.8048780487804876,230.49599999999998
g_puf[13],26,0.8959150703900303,0.6020905923344959,328.6,128.74400000000009,312.48,101.92,342.16,156.79999999999998,0.8029079159935382,0.2682926829268293,0.9741518578352184,0.9512195121951217,230.49599999999998
g_puf[14],26,0.820893914916532,-0.5969802555168406,315.5973333333333,32.38666666666669,306.88,19.6,324.8,47.04,0.7705977382875606,-0.7560975609756098,0.8739903069466883,-0.41463414634146345,230.49599999999998
g_puf[15],26,0.9024386491268561,-0.2754936120789776,329.7306666666667,58.22133333333336,322.0,39.2,339.36,82.32000000000001,0.8578352180936997,-0.5121951219512195,0.9579967689822295,0.024390243902439046,230.49599999999998
g_puf[1],26,0.5789983844911148,-0.6685249709639951,273.672,26.63733333333335,260.96,15.68,288.40000000000003,39.2,0.505654281098546,-0.8048780487804879,0.6639741518578355,-0.5121951219512195,230.49599999999998
g_puf[2],26,0.7503038695284252,-0.7275261324041811,303.36266666666666,21.89600000000001,291.2,3.92,314.72,47.04,0.6801292407108239,-0.9512195121951219,0.8158319870759292,-0.41463414634146345,230.49599999999998
g_puf[3],26,0.5467189783829529,-0.535656213704994,268.0773333333334,37.31466666666668,256.48,27.44,285.6,47.04,0.4798061389337642,-0.6585365853658536,0.6478190630048468,-0.41463414634146345,230.49599999999998
g_puf[4],26,0.6797445957381343,0.696399535423927,291.13333333333344,136.32266666666678,271.04,113.68,313.04,156.79999999999998,0.5638126009693054,0.41463414634146356,0.8061389337641358,0.9512195121951217,230.49599999999998
g_puf[5],26,0.781875528886838,0.6518002322880381,308.83466666666675,132.73866666666675,294.56,121.52,332.08,145.04,0.6995153473344105,0.5121951219512195,0.9159935379644588,0.8048780487804876,230.49599999999998
g_puf[6],26,0.934625740441573,0.1909407665505234,335.3093333333334,95.70400000000005,327.6,82.32,342.16,109.76,0.890145395799677,0.024390243902439046,0.9741518578352184,0.36585365853658547,230.49599999999998
g_puf[7],26,0.7468574505731211,0.6211382113821149,302.76533333333333,130.27466666666675,284.48,113.68,342.16,148.95999999999998,0.6413570274636513,0.41463414634146356,0.9741518578352184,0.8536585365853655,230.49599999999998
g_puf[8],26,0.9311177782906379,0.516608594657376,334.70133333333337,121.87466666666673,325.36,105.84,342.16,133.28,0.8772213247172862,0.3170731707317074,0.9741518578352184,0.6585365853658536,230.49599999999998
g_puf[9],26,0.944749596122779,-0.2713124274099882,337.064,58.55733333333335,326.48,35.28,342.16,86.24,0.8836833602584817,-0.5609756097560976,0.9741518578352184,0.07317073170731692,230.49599999999998
ring_fo4,53,0.8161884608675207,-0.7784266575060116,314.7817840375587,17.80563380281691,279.44,3.92,342.16,47.04,0.6122778675282714,-0.9512195121951219,0.9741518578352184,-0.41463414634146345,467.5776
ring_nand,27,0.656207742475917,-0.8057813911472447,287.0539259259259,15.607407407407415,274.96,3.92,297.92,35.28,0.5864297253634894,-0.9512195121951219,0.718901453957997,-0.5609756097560976,296.352
ring_nor,27,0.45747530725343055,-0.8768138314294535,252.60962025316456,9.899240506329118,229.6,3.92,274.96000000000004,19.6,0.32471728594507265,-0.9512195121951219,0.5864297253634898,-0.7560975609756098,346.84159999999997
