corner,item_type,item,kind_or_tap,n_or_stage,period_or_tmin_ns,period_min_ns,period_max_ns,freq_ghz
max_ff_n40C_3v60,ring,g_puf[0],INV,25,4.122,4.119000000000001,4.124,0.242600679281902
max_ff_n40C_3v60,ring,g_puf[1],INV,25,4.104,4.1,4.107,0.24366471734892786
max_ff_n40C_3v60,ring,g_puf[2],INV,25,4.180000000000001,4.176000000000001,4.182,0.23923444976076552
max_ff_n40C_3v60,ring,g_puf[3],INV,25,4.392000000000001,4.388000000000001,4.3950000000000005,0.2276867030965391
max_ff_n40C_3v60,ring,g_puf[4],INV,25,5.5299999999999985,5.527999999999999,5.532999999999999,0.1808318264014467
max_ff_n40C_3v60,ring,g_puf[5],INV,25,4.774,4.773000000000001,4.7780000000000005,0.20946795140343527
max_ff_n40C_3v60,ring,g_puf[6],INV,25,4.287000000000001,4.284,4.29,0.23326335432703518
max_ff_n40C_3v60,ring,g_puf[7],INV,25,5.951,5.9479999999999995,5.952999999999999,0.16803898504453035
max_ff_n40C_3v60,ring,g_puf[8],INV,25,4.465000000000001,4.462000000000001,4.468000000000001,0.2239641657334826
max_ff_n40C_3v60,ring,g_puf[9],INV,25,4.085999999999999,4.083,4.0889999999999995,0.2447381302006853
max_ff_n40C_3v60,ring,g_puf[10],INV,25,4.162999999999999,4.161999999999999,4.1659999999999995,0.24021138601969738
max_ff_n40C_3v60,ring,g_puf[11],INV,25,4.32,4.316,4.322000000000001,0.23148148148148145
max_ff_n40C_3v60,ring,g_puf[12],INV,25,6.156000000000001,6.151999999999999,6.16,0.16244314489928524
max_ff_n40C_3v60,ring,g_puf[13],INV,25,5.006000000000001,5.005000000000002,5.008000000000001,0.19976028765481418
max_ff_n40C_3v60,ring,g_puf[14],INV,25,4.2730000000000015,4.269000000000002,4.274000000000002,0.23402761525860044
max_ff_n40C_3v60,ring,g_puf[15],INV,25,4.1499999999999995,4.146,4.152999999999999,0.24096385542168677
max_ff_n40C_3v60,ring,ring_nand,NAND,25,6.631,5.714999999999999,7.548,0.15080681646810434
max_ff_n40C_3v60,ring,ring_nor,NOR,25,7.8340000000000005,6.767000000000003,8.906000000000002,0.12764871074802145
max_ff_n40C_3v60,ring,ring_fo4,FO4,13,5.754999999999999,5.752999999999999,5.7559999999999985,0.17376194613379672
max_ff_n40C_3v60,fmax_tap,0,fmax,3,7.026000000000001,,,0.14232849416453172
max_ff_n40C_3v60,dchain_ring_tap,0,ring,3,14.019000000000002,,,0.07133176403452457
max_ff_n40C_3v60,fmax_tap,1,fmax,4,9.075,,,0.11019283746556474
max_ff_n40C_3v60,dchain_ring_tap,1,ring,4,18.003999999999998,,,0.055543212619417914
max_ff_n40C_3v60,fmax_tap,2,fmax,5,11.127,,,0.08987148377819718
max_ff_n40C_3v60,dchain_ring_tap,2,ring,5,21.939999999999998,,,0.0455788514129444
max_ff_n40C_3v60,fmax_tap,3,fmax,6,13.298,,,0.07519927808693036
max_ff_n40C_3v60,dchain_ring_tap,3,ring,6,26.168999999999997,,,0.038213152967251335
max_ff_n40C_3v60,fmax_tap,4,fmax,8,17.314999999999998,,,0.05775339301183945
max_ff_n40C_3v60,dchain_ring_tap,4,ring,8,34.025999999999996,,,0.029389290542526307
max_ff_n40C_3v60,fmax_tap,5,fmax,10,21.317,,,0.0469109161701928
max_ff_n40C_3v60,dchain_ring_tap,5,ring,10,41.804,,,0.023921155870251648
max_ff_n40C_3v60,fmax_tap,6,fmax,12,25.303,,,0.03952100541437774
max_ff_n40C_3v60,dchain_ring_tap,6,ring,12,49.547000000000004,,,0.020182856681534703
max_ff_n40C_3v60,fmax_tap,7,fmax,14,29.283,,,0.0341495065396305
max_ff_n40C_3v60,dchain_ring_tap,7,ring,14,57.287,,,0.017455967322429173
max_ss_125C_3v00,ring,g_puf[0],INV,25,13.351999999999999,13.342999999999998,13.358999999999998,0.07489514679448772
max_ss_125C_3v00,ring,g_puf[1],INV,25,13.299999999999999,13.286999999999999,13.309999999999999,0.07518796992481204
max_ss_125C_3v00,ring,g_puf[2],INV,25,13.518000000000004,13.509000000000004,13.527000000000005,0.0739754401538689
max_ss_125C_3v00,ring,g_puf[3],INV,25,14.164999999999997,14.154999999999996,14.172999999999996,0.07059654076950231
max_ss_125C_3v00,ring,g_puf[4],INV,25,17.608,17.6,17.618000000000002,0.05679236710586097
max_ss_125C_3v00,ring,g_puf[5],INV,25,15.331000000000003,15.322000000000003,15.338000000000003,0.06522731720044353
max_ss_125C_3v00,ring,g_puf[6],INV,25,13.838000000000001,13.829,13.846,0.07226477814713109
max_ss_125C_3v00,ring,g_puf[7],INV,25,18.906,18.898999999999997,18.913999999999998,0.052893261398497836
max_ss_125C_3v00,ring,g_puf[8],INV,25,14.394000000000002,14.386000000000003,14.405000000000001,0.06947339169098235
max_ss_125C_3v00,ring,g_puf[9],INV,25,13.241999999999999,13.234,13.251999999999999,0.07551729346020239
max_ss_125C_3v00,ring,g_puf[10],INV,25,13.471999999999996,13.462999999999996,13.478999999999996,0.07422802850356297
max_ss_125C_3v00,ring,g_puf[11],INV,25,13.959000000000001,13.951,13.968,0.07163836951070993
max_ss_125C_3v00,ring,g_puf[12],INV,25,19.482,19.47,19.494,0.0513294322964788
max_ss_125C_3v00,ring,g_puf[13],INV,25,16.026,16.02,16.031,0.062398602271309125
max_ss_125C_3v00,ring,g_puf[14],INV,25,13.791,13.783,13.798,0.07251105793633529
max_ss_125C_3v00,ring,g_puf[15],INV,25,13.440000000000003,13.431000000000003,13.449000000000002,0.07440476190476189
max_ss_125C_3v00,ring,ring_nand,NAND,25,22.106000000000005,19.211999999999996,25.0,0.04523658735185017
max_ss_125C_3v00,ring,ring_nor,NOR,25,26.955000000000005,23.892999999999997,30.023000000000003,0.037098868484511216
max_ss_125C_3v00,ring,ring_fo4,FO4,13,18.264999999999997,18.259999999999998,18.267999999999997,0.05474952094169177
max_ss_125C_3v00,fmax_tap,0,fmax,3,27.032,,,0.03699319325244155
max_ss_125C_3v00,dchain_ring_tap,0,ring,3,53.36200000000001,,,0.018739927289082116
max_ss_125C_3v00,fmax_tap,1,fmax,4,34.947,,,0.028614759492946458
max_ss_125C_3v00,dchain_ring_tap,1,ring,4,68.755,,,0.014544396771143917
max_ss_125C_3v00,fmax_tap,2,fmax,5,42.877,,,0.023322527229050538
max_ss_125C_3v00,dchain_ring_tap,2,ring,5,83.975,,,0.011908306043465319
max_ss_125C_3v00,fmax_tap,3,fmax,6,51.185,,,0.019536973722770343
max_ss_125C_3v00,dchain_ring_tap,3,ring,6,100.143,,,0.009985720419799686
max_ss_125C_3v00,fmax_tap,4,fmax,8,66.735,,,0.014984640743238182
max_ss_125C_3v00,dchain_ring_tap,4,ring,8,130.508,,,0.007662365525485027
max_ss_125C_3v00,fmax_tap,5,fmax,10,82.237,,,0.012159976652844828
max_ss_125C_3v00,dchain_ring_tap,5,ring,10,160.62399999999997,,,0.006225719693196535
max_ss_125C_3v00,fmax_tap,6,fmax,12,97.68700000000001,,,0.010236776643770408
max_ss_125C_3v00,dchain_ring_tap,6,ring,12,190.61999999999998,,,0.005246039240373519
max_ss_125C_3v00,fmax_tap,7,fmax,14,113.113,,,0.008840716805318576
max_ss_125C_3v00,dchain_ring_tap,7,ring,14,220.59799999999998,,,0.004533132666660623
max_tt_025C_3v30,ring,g_puf[0],INV,25,6.908,6.904,6.9110000000000005,0.1447596988998263
max_tt_025C_3v30,ring,g_puf[1],INV,25,6.877000000000002,6.870000000000001,6.883000000000001,0.14541224371092043
max_tt_025C_3v30,ring,g_puf[2],INV,25,6.997000000000002,6.992000000000001,7.003,0.14291839359725594
max_tt_025C_3v30,ring,g_puf[3],INV,25,7.3420000000000005,7.337,7.349,0.1362026695723236
max_tt_025C_3v30,ring,g_puf[4],INV,25,9.21,9.205,9.214,0.10857763300760043
max_tt_025C_3v30,ring,g_puf[5],INV,25,7.982,7.976,7.986000000000001,0.12528188423953895
max_tt_025C_3v30,ring,g_puf[6],INV,25,7.1690000000000005,7.166,7.174000000000001,0.13948946854512484
max_tt_025C_3v30,ring,g_puf[7],INV,25,9.905000000000001,9.902,9.908999999999999,0.10095911155981827
max_tt_025C_3v30,ring,g_puf[8],INV,25,7.466999999999997,7.461999999999997,7.472999999999998,0.13392259274139554
max_tt_025C_3v30,ring,g_puf[9],INV,25,6.839,6.835000000000001,6.844,0.14622020763269483
max_tt_025C_3v30,ring,g_puf[10],INV,25,6.972000000000001,6.969000000000001,6.975000000000001,0.14343086632243257
max_tt_025C_3v30,ring,g_puf[11],INV,25,7.226999999999999,7.221999999999999,7.2299999999999995,0.13837000138370004
max_tt_025C_3v30,ring,g_puf[12],INV,25,10.240000000000002,10.234000000000004,10.246000000000002,0.09765624999999999
max_tt_025C_3v30,ring,g_puf[13],INV,25,8.355,8.352,8.358,0.11968880909634949
max_tt_025C_3v30,ring,g_puf[14],INV,25,7.150999999999999,7.146999999999999,7.153999999999999,0.13984058173682004
max_tt_025C_3v30,ring,g_puf[15],INV,25,6.943999999999999,6.938999999999999,6.949999999999999,0.14400921658986177
max_tt_025C_3v30,ring,ring_nand,NAND,25,11.226999999999999,9.746000000000002,12.712000000000003,0.08907098957869423
max_tt_025C_3v30,ring,ring_nor,NOR,25,13.546999999999995,11.897999999999998,15.198,0.07381708127260651
max_tt_025C_3v30,ring,ring_fo4,FO4,13,9.536,9.532,9.539,0.10486577181208054
max_tt_025C_3v30,fmax_tap,0,fmax,3,12.928,,,0.07735148514851485
max_tt_025C_3v30,dchain_ring_tap,0,ring,3,25.671,,,0.038954462233648866
max_tt_025C_3v30,fmax_tap,1,fmax,4,16.711000000000002,,,0.05984082340973011
max_tt_025C_3v30,dchain_ring_tap,1,ring,4,33.033,,,0.030272757545484818
max_tt_025C_3v30,fmax_tap,2,fmax,5,20.5,,,0.04878048780487805
max_tt_025C_3v30,dchain_ring_tap,2,ring,5,40.30500000000001,,,0.024810817516437163
max_tt_025C_3v30,fmax_tap,3,fmax,6,24.488,,,0.04083632799738648
max_tt_025C_3v30,dchain_ring_tap,3,ring,6,48.075,,,0.02080083203328133
max_tt_025C_3v30,fmax_tap,4,fmax,8,31.915,,,0.031333228889237036
max_tt_025C_3v30,dchain_ring_tap,4,ring,8,62.595,,,0.01597571691029635
max_tt_025C_3v30,fmax_tap,5,fmax,10,39.315999999999995,,,0.025434937430053924
max_tt_025C_3v30,dchain_ring_tap,5,ring,10,76.981,,,0.012990218365570726
max_tt_025C_3v30,fmax_tap,6,fmax,12,46.68899999999999,,,0.02141832123198184
max_tt_025C_3v30,dchain_ring_tap,6,ring,12,91.30799999999999,,,0.010951942874665967
max_tt_025C_3v30,fmax_tap,7,fmax,14,54.05199999999999,,,0.01850070302671502
max_tt_025C_3v30,dchain_ring_tap,7,ring,14,105.62599999999998,,,0.009467365989434422
min_ff_n40C_3v60,ring,g_puf[0],INV,25,4.055000000000001,4.0520000000000005,4.057000000000001,0.24660912453760786
min_ff_n40C_3v60,ring,g_puf[1],INV,25,4.039000000000001,4.035,4.041,0.24758603614756125
min_ff_n40C_3v60,ring,g_puf[2],INV,25,4.106,4.101999999999999,4.108,0.24354603019970775
min_ff_n40C_3v60,ring,g_puf[3],INV,25,4.257000000000001,4.252000000000001,4.259,0.23490721165139766
min_ff_n40C_3v60,ring,g_puf[4],INV,25,5.140999999999998,5.138,5.1419999999999995,0.1945146858587824
min_ff_n40C_3v60,ring,g_puf[5],INV,25,4.546999999999999,4.545999999999999,4.549999999999999,0.2199252254233561
min_ff_n40C_3v60,ring,g_puf[6],INV,25,4.177999999999999,4.175999999999999,4.182,0.2393489707994256
min_ff_n40C_3v60,ring,g_puf[7],INV,25,5.483999999999999,5.481,5.487,0.18234865061998545
min_ff_n40C_3v60,ring,g_puf[8],INV,25,4.3050000000000015,4.302000000000001,4.308000000000001,0.23228803716608587
min_ff_n40C_3v60,ring,g_puf[9],INV,25,4.035,4.033,4.038,0.24783147459727384
min_ff_n40C_3v60,ring,g_puf[10],INV,25,4.083,4.081,4.087000000000001,0.24491795248591722
min_ff_n40C_3v60,ring,g_puf[11],INV,25,4.206,4.203,4.2090000000000005,0.2377555872563005
min_ff_n40C_3v60,ring,g_puf[12],INV,25,5.606,5.603000000000001,5.609,0.17838030681412773
min_ff_n40C_3v60,ring,g_puf[13],INV,25,4.729,4.727,4.7299999999999995,0.2114611968703743
min_ff_n40C_3v60,ring,g_puf[14],INV,25,4.166999999999999,4.164999999999999,4.170999999999999,0.2399808015358772
min_ff_n40C_3v60,ring,g_puf[15],INV,25,4.0710000000000015,4.0680000000000005,4.074000000000001,0.24563989191844746
min_ff_n40C_3v60,ring,ring_nand,NAND,25,6.492,5.597999999999999,7.3919999999999995,0.15403573629081946
min_ff_n40C_3v60,ring,ring_nor,NOR,25,7.679000000000003,6.640000000000001,8.716,0.13022528975126965
min_ff_n40C_3v60,ring,ring_fo4,FO4,13,5.632000000000001,5.630000000000001,5.633000000000001,0.17755681818181818
min_ff_n40C_3v60,fmax_tap,0,fmax,3,6.9959999999999996,,,0.14293882218410522
min_ff_n40C_3v60,dchain_ring_tap,0,ring,3,13.911999999999999,,,0.07188039102932721
min_ff_n40C_3v60,fmax_tap,1,fmax,4,9.038999999999998,,,0.11063170704723976
min_ff_n40C_3v60,dchain_ring_tap,1,ring,4,17.887,,,0.055906524291384804
min_ff_n40C_3v60,fmax_tap,2,fmax,5,11.084,,,0.09022013713460844
min_ff_n40C_3v60,dchain_ring_tap,2,ring,5,21.817999999999998,,,0.04583371528096068
min_ff_n40C_3v60,fmax_tap,3,fmax,6,13.227,,,0.07560293339381567
min_ff_n40C_3v60,dchain_ring_tap,3,ring,6,25.992,,,0.03847337642351493
min_ff_n40C_3v60,fmax_tap,4,fmax,8,17.229000000000003,,,0.0580416739218759
min_ff_n40C_3v60,dchain_ring_tap,4,ring,8,33.807,,,0.02957967284881829
min_ff_n40C_3v60,fmax_tap,5,fmax,10,21.218000000000004,,,0.04712979545668771
min_ff_n40C_3v60,dchain_ring_tap,5,ring,10,41.56100000000001,,,0.024061018743533596
min_ff_n40C_3v60,fmax_tap,6,fmax,12,25.194000000000003,,,0.039691990156386435
min_ff_n40C_3v60,dchain_ring_tap,6,ring,12,49.287000000000006,,,0.020289325785704138
min_ff_n40C_3v60,fmax_tap,7,fmax,14,29.16100000000001,,,0.03429237680463632
min_ff_n40C_3v60,dchain_ring_tap,7,ring,14,56.99900000000001,,,0.01754416744153406
min_ss_125C_3v00,ring,g_puf[0],INV,25,13.131000000000004,13.125000000000004,13.139000000000005,0.07615566217348257
min_ss_125C_3v00,ring,g_puf[1],INV,25,13.099000000000002,13.089000000000004,13.108000000000002,0.07634170547370027
min_ss_125C_3v00,ring,g_puf[2],INV,25,13.286,13.278,13.295,0.0752671985548698
min_ss_125C_3v00,ring,g_puf[3],INV,25,13.759000000000002,13.751000000000003,13.767000000000001,0.07267970055963369
min_ss_125C_3v00,ring,g_puf[4],INV,25,16.419000000000004,16.411,16.426000000000005,0.06090504902856445
min_ss_125C_3v00,ring,g_puf[5],INV,25,14.636000000000001,14.627999999999998,14.642999999999999,0.06832467887400928
min_ss_125C_3v00,ring,g_puf[6],INV,25,13.515000000000004,13.508000000000003,13.523000000000003,0.07399186089530149
min_ss_125C_3v00,ring,g_puf[7],INV,25,17.472999999999995,17.465999999999998,17.481999999999996,0.057231156641675746
min_ss_125C_3v00,ring,g_puf[8],INV,25,13.902,13.892999999999999,13.908999999999999,0.0719320961012804
min_ss_125C_3v00,ring,g_puf[9],INV,25,13.072,13.065,13.08,0.07649938800489596
min_ss_125C_3v00,ring,g_puf[10],INV,25,13.227999999999998,13.221999999999998,13.235999999999999,0.07559721802237679
min_ss_125C_3v00,ring,g_puf[11],INV,25,13.610999999999997,13.601999999999997,13.620999999999997,0.07346998751010214
min_ss_125C_3v00,ring,g_puf[12],INV,25,17.813000000000006,17.802000000000003,17.823000000000004,0.056138775051928345
min_ss_125C_3v00,ring,g_puf[13],INV,25,15.187999999999999,15.181999999999999,15.195,0.06584145377929945
min_ss_125C_3v00,ring,g_puf[14],INV,25,13.482000000000003,13.473000000000003,13.491000000000003,0.07417297136923304
min_ss_125C_3v00,ring,g_puf[15],INV,25,13.214999999999998,13.205999999999998,13.223999999999997,0.07567158531971246
min_ss_125C_3v00,ring,ring_nand,NAND,25,21.659,18.845,24.471000000000004,0.046170183295627686
min_ss_125C_3v00,ring,ring_nor,NOR,25,26.415000000000006,23.44099999999999,29.384,0.037857278061707356
min_ss_125C_3v00,ring,ring_fo4,FO4,13,17.892,17.887999999999998,17.895999999999997,0.0558909009613235
min_ss_125C_3v00,fmax_tap,0,fmax,3,26.933999999999997,,,0.03712779386648846
min_ss_125C_3v00,dchain_ring_tap,0,ring,3,53.007000000000005,,,0.01886543286735714
min_ss_125C_3v00,fmax_tap,1,fmax,4,34.83,,,0.02871088142405972
min_ss_125C_3v00,dchain_ring_tap,1,ring,4,68.359,,,0.014628651677174916
min_ss_125C_3v00,fmax_tap,2,fmax,5,42.733999999999995,,,0.023400570973931768
min_ss_125C_3v00,dchain_ring_tap,2,ring,5,83.56599999999999,,,0.01196658928272264
min_ss_125C_3v00,fmax_tap,3,fmax,6,50.958,,,0.01962400408179285
min_ss_125C_3v00,dchain_ring_tap,3,ring,6,99.55499999999998,,,0.01004469891015017
min_ss_125C_3v00,fmax_tap,4,fmax,8,66.456,,,0.015047550258817865
min_ss_125C_3v00,dchain_ring_tap,4,ring,8,129.791,,,0.007704694470340779
min_ss_125C_3v00,fmax_tap,5,fmax,10,81.91099999999999,,,0.012208372501861778
min_ss_125C_3v00,dchain_ring_tap,5,ring,10,159.82799999999997,,,0.006256725980428962
min_ss_125C_3v00,fmax_tap,6,fmax,12,97.33099999999997,,,0.01027421890250794
min_ss_125C_3v00,dchain_ring_tap,6,ring,12,189.76699999999997,,,0.005269620113086048
min_ss_125C_3v00,fmax_tap,7,fmax,14,112.71399999999997,,,0.008872012349841193
min_ss_125C_3v00,dchain_ring_tap,7,ring,14,219.66099999999994,,,0.004552469487073264
min_tt_025C_3v30,ring,g_puf[0],INV,25,6.786,6.7829999999999995,6.789999999999999,0.14736221632773358
min_tt_025C_3v30,ring,g_puf[1],INV,25,6.768000000000002,6.760000000000001,6.774000000000001,0.1477541371158392
min_tt_025C_3v30,ring,g_puf[2],INV,25,6.875,6.87,6.879,0.14545454545454545
min_tt_025C_3v30,ring,g_puf[3],INV,25,7.125000000000001,7.12,7.131000000000001,0.14035087719298245
min_tt_025C_3v30,ring,g_puf[4],INV,25,8.572999999999999,8.567999999999998,8.576999999999998,0.11664528169835532
min_tt_025C_3v30,ring,g_puf[5],INV,25,7.605999999999998,7.599999999999999,7.609999999999998,0.13147515119642392
min_tt_025C_3v30,ring,g_puf[6],INV,25,6.995,6.991,6.9990000000000006,0.14295925661186562
min_tt_025C_3v30,ring,g_puf[7],INV,25,9.138000000000002,9.134,9.142000000000001,0.10943313635368787
min_tt_025C_3v30,ring,g_puf[8],INV,25,7.2010000000000005,7.196000000000001,7.207000000000001,0.13886960144424385
min_tt_025C_3v30,ring,g_puf[9],INV,25,6.749999999999999,6.7459999999999996,6.754999999999999,0.14814814814814817
min_tt_025C_3v30,ring,g_puf[10],INV,25,6.836999999999999,6.833999999999999,6.840999999999998,0.14626298083954953
min_tt_025C_3v30,ring,g_puf[11],INV,25,7.041,7.036,7.045999999999999,0.142025280499929
min_tt_025C_3v30,ring,g_puf[12],INV,25,9.344,9.338999999999997,9.349999999999996,0.10702054794520549
min_tt_025C_3v30,ring,g_puf[13],INV,25,7.904,7.9,7.906000000000001,0.12651821862348178
min_tt_025C_3v30,ring,g_puf[14],INV,25,6.984000000000001,6.979000000000001,6.988,0.143184421534937
min_tt_025C_3v30,ring,g_puf[15],INV,25,6.823999999999999,6.815999999999998,6.8279999999999985,0.14654161781946076
min_tt_025C_3v30,ring,ring_nand,NAND,25,10.996000000000002,9.553999999999997,12.445000000000004,0.09094216078574024
min_tt_025C_3v30,ring,ring_nor,NOR,25,13.268999999999998,11.670999999999998,14.868999999999996,0.07536362951239732
min_tt_025C_3v30,ring,ring_fo4,FO4,13,9.331000000000001,9.329,9.334000000000001,0.10716964955524594
min_tt_025C_3v30,fmax_tap,0,fmax,3,12.879,,,0.07764577995185962
min_tt_025C_3v30,dchain_ring_tap,0,ring,3,25.489999999999995,,,0.039231071008238534
min_tt_025C_3v30,fmax_tap,1,fmax,4,16.653,,,0.060049240377109236
min_tt_025C_3v30,dchain_ring_tap,1,ring,4,32.832,,,0.030458089668615983
min_tt_025C_3v30,fmax_tap,2,fmax,5,20.429,,,0.048950022027509914
min_tt_025C_3v30,dchain_ring_tap,2,ring,5,40.099,,,0.024938277762537722
min_tt_025C_3v30,fmax_tap,3,fmax,6,24.371,,,0.041032374543514834
min_tt_025C_3v30,dchain_ring_tap,3,ring,6,47.774,,,0.02093188763762716
min_tt_025C_3v30,fmax_tap,4,fmax,8,31.772,,,0.03147425406017878
min_tt_025C_3v30,dchain_ring_tap,4,ring,8,62.224999999999994,,,0.01607071112896746
min_tt_025C_3v30,fmax_tap,5,fmax,10,39.150999999999996,,,0.02554213174631555
min_tt_025C_3v30,dchain_ring_tap,5,ring,10,76.572,,,0.013059604032805724
min_tt_025C_3v30,fmax_tap,6,fmax,12,46.509,,,0.021501214818637253
min_tt_025C_3v30,dchain_ring_tap,6,ring,12,90.869,,,0.011004853140234843
min_tt_025C_3v30,fmax_tap,7,fmax,14,53.85,,,0.018570102135561744
min_tt_025C_3v30,dchain_ring_tap,7,ring,14,105.14599999999999,,,0.00951058528141822
nom_ff_n40C_3v60,ring,g_puf[0],INV,25,4.0840000000000005,4.081,4.085,0.24485798237022524
nom_ff_n40C_3v60,ring,g_puf[1],INV,25,4.069000000000002,4.066000000000001,4.073000000000001,0.2457606291472105
nom_ff_n40C_3v60,ring,g_puf[2],INV,25,4.139000000000002,4.137000000000001,4.142000000000001,0.24160425223483922
nom_ff_n40C_3v60,ring,g_puf[3],INV,25,4.317000000000001,4.315000000000001,4.322000000000002,0.23164234422052346
nom_ff_n40C_3v60,ring,g_puf[4],INV,25,5.316000000000002,5.315000000000002,5.319000000000002,0.1881113619262603
nom_ff_n40C_3v60,ring,g_puf[5],INV,25,4.649000000000002,4.647000000000002,4.651000000000002,0.21510002151000207
nom_ff_n40C_3v60,ring,g_puf[6],INV,25,4.228,4.226,4.23,0.23651844843897826
nom_ff_n40C_3v60,ring,g_puf[7],INV,25,5.698000000000002,5.695000000000002,5.698000000000002,0.17550017550017544
nom_ff_n40C_3v60,ring,g_puf[8],INV,25,4.374999999999999,4.371999999999999,4.377999999999999,0.22857142857142862
nom_ff_n40C_3v60,ring,g_puf[9],INV,25,4.059,4.056,4.0600000000000005,0.2463661000246366
nom_ff_n40C_3v60,ring,g_puf[10],INV,25,4.121000000000001,4.118,4.123000000000001,0.24265954865323944
nom_ff_n40C_3v60,ring,g_puf[11],INV,25,4.259,4.257000000000001,4.2620000000000005,0.234796900680911
nom_ff_n40C_3v60,ring,g_puf[12],INV,25,5.859,5.856,5.8629999999999995,0.17067759003242874
nom_ff_n40C_3v60,ring,g_puf[13],INV,25,4.855,4.854000000000001,4.8580000000000005,0.20597322348094746
nom_ff_n40C_3v60,ring,g_puf[14],INV,25,4.222000000000001,4.219,4.224000000000001,0.23685457129322587
nom_ff_n40C_3v60,ring,g_puf[15],INV,25,4.109000000000001,4.107000000000001,4.113,0.24336821611097587
nom_ff_n40C_3v60,ring,ring_nand,NAND,25,6.554999999999999,5.650000000000001,7.460000000000003,0.1525553012967201
nom_ff_n40C_3v60,ring,ring_nor,NOR,25,7.752000000000002,6.6979999999999995,8.807,0.12899896800825592
nom_ff_n40C_3v60,ring,ring_fo4,FO4,13,5.691,5.689000000000001,5.6930000000000005,0.17571604287471446
nom_ff_n40C_3v60,fmax_tap,0,fmax,3,7.01,,,0.14265335235378032
nom_ff_n40C_3v60,dchain_ring_tap,0,ring,3,13.96,,,0.07163323782234957
nom_ff_n40C_3v60,fmax_tap,1,fmax,4,9.056,,,0.11042402826855124
nom_ff_n40C_3v60,dchain_ring_tap,1,ring,4,17.941,,,0.05573825316314587
nom_ff_n40C_3v60,fmax_tap,2,fmax,5,11.104000000000001,,,0.09005763688760807
nom_ff_n40C_3v60,dchain_ring_tap,2,ring,5,21.874000000000002,,,0.045716375605741974
nom_ff_n40C_3v60,fmax_tap,3,fmax,6,13.26,,,0.07541478129713423
nom_ff_n40C_3v60,dchain_ring_tap,3,ring,6,26.073,,,0.038353852644498136
nom_ff_n40C_3v60,fmax_tap,4,fmax,8,17.268,,,0.05791058605513088
nom_ff_n40C_3v60,dchain_ring_tap,4,ring,8,33.908,,,0.029491565412292083
nom_ff_n40C_3v60,fmax_tap,5,fmax,10,21.262999999999995,,,0.04703005220335796
nom_ff_n40C_3v60,dchain_ring_tap,5,ring,10,41.673,,,0.023996352554411727
nom_ff_n40C_3v60,fmax_tap,6,fmax,12,25.244999999999994,,,0.03961180431768668
nom_ff_n40C_3v60,dchain_ring_tap,6,ring,12,49.408,,,0.02023963730569948
nom_ff_n40C_3v60,fmax_tap,7,fmax,14,29.216999999999995,,,0.03422664886880926
nom_ff_n40C_3v60,dchain_ring_tap,7,ring,14,57.132000000000005,,,0.017503325631870053
nom_ss_125C_3v00,ring,g_puf[0],INV,25,13.229000000000001,13.220000000000002,13.236000000000002,0.0755915035150049
nom_ss_125C_3v00,ring,g_puf[1],INV,25,13.191000000000003,13.181000000000001,13.202000000000002,0.07580926389204759
nom_ss_125C_3v00,ring,g_puf[2],INV,25,13.393,13.383999999999999,13.402,0.07466587023071754
nom_ss_125C_3v00,ring,g_puf[3],INV,25,13.944999999999997,13.934999999999999,13.953999999999999,0.07171029042667625
nom_ss_125C_3v00,ring,g_puf[4],INV,25,16.962,16.953,16.97,0.058955311873599814
nom_ss_125C_3v00,ring,g_puf[5],INV,25,14.946,14.936999999999998,14.951999999999998,0.06690753378830457
nom_ss_125C_3v00,ring,g_puf[6],INV,25,13.665999999999999,13.658,13.674000000000001,0.07317430118542369
nom_ss_125C_3v00,ring,g_puf[7],INV,25,18.125,18.115,18.134,0.05517241379310345
nom_ss_125C_3v00,ring,g_puf[8],INV,25,14.124999999999996,14.114999999999998,14.132999999999996,0.07079646017699116
nom_ss_125C_3v00,ring,g_puf[9],INV,25,13.150000000000006,13.141000000000005,13.158000000000005,0.07604562737642583
nom_ss_125C_3v00,ring,g_puf[10],INV,25,13.338999999999999,13.330999999999998,13.345999999999998,0.07496813854112003
nom_ss_125C_3v00,ring,g_puf[11],INV,25,13.767999999999999,13.76,13.777,0.07263219058686811
nom_ss_125C_3v00,ring,g_puf[12],INV,25,18.575000000000003,18.564000000000004,18.588000000000005,0.053835800807537006
nom_ss_125C_3v00,ring,g_puf[13],INV,25,15.569000000000003,15.564000000000002,15.575000000000001,0.06423020104052925
nom_ss_125C_3v00,ring,g_puf[14],INV,25,13.620999999999999,13.613999999999999,13.627999999999998,0.07341604874825637
nom_ss_125C_3v00,ring,g_puf[15],INV,25,13.319999999999993,13.311999999999994,13.329999999999995,0.07507507507507512
nom_ss_125C_3v00,ring,ring_nand,NAND,25,21.855999999999998,19.009999999999994,24.713000000000008,0.04575402635431918
nom_ss_125C_3v00,ring,ring_nor,NOR,25,26.662,23.644,29.672999999999995,0.03750656364863851
nom_ss_125C_3v00,ring,ring_fo4,FO4,13,18.064,18.061,18.067999999999998,0.05535872453498671
nom_ss_125C_3v00,fmax_tap,0,fmax,3,26.976999999999997,,,0.037068614004522375
nom_ss_125C_3v00,dchain_ring_tap,0,ring,3,53.169,,,0.01880795200210649
nom_ss_125C_3v00,fmax_tap,1,fmax,4,34.881,,,0.02866890284108827
nom_ss_125C_3v00,dchain_ring_tap,1,ring,4,68.53899999999999,,,0.014590233297830435
nom_ss_125C_3v00,fmax_tap,2,fmax,5,42.797,,,0.02336612379372386
nom_ss_125C_3v00,dchain_ring_tap,2,ring,5,83.751,,,0.011940155938436555
nom_ss_125C_3v00,fmax_tap,3,fmax,6,51.059999999999995,,,0.019584802193497848
nom_ss_125C_3v00,dchain_ring_tap,3,ring,6,99.82300000000001,,,0.010017731384550654
nom_ss_125C_3v00,fmax_tap,4,fmax,8,66.57799999999999,,,0.015019976568836555
nom_ss_125C_3v00,dchain_ring_tap,4,ring,8,130.11499999999998,,,0.007685508972831727
nom_ss_125C_3v00,fmax_tap,5,fmax,10,82.05599999999998,,,0.012186799259042607
nom_ss_125C_3v00,dchain_ring_tap,5,ring,10,160.18699999999995,,,0.006242703839887133
nom_ss_125C_3v00,fmax_tap,6,fmax,12,97.48999999999998,,,0.010257462303826036
nom_ss_125C_3v00,dchain_ring_tap,6,ring,12,190.15299999999996,,,0.005258923077732143
nom_ss_125C_3v00,fmax_tap,7,fmax,14,112.89099999999998,,,0.008858102063051973
nom_ss_125C_3v00,dchain_ring_tap,7,ring,14,220.08499999999998,,,0.004543699025376559
nom_tt_025C_3v30,ring,g_puf[0],INV,25,6.841,6.837000000000001,6.845,0.146177459435755
nom_tt_025C_3v30,ring,g_puf[1],INV,25,6.817000000000001,6.811000000000001,6.824000000000001,0.1466920932961713
nom_tt_025C_3v30,ring,g_puf[2],INV,25,6.926,6.921,6.931,0.14438348252959862
nom_tt_025C_3v30,ring,g_puf[3],INV,25,7.227000000000002,7.220000000000001,7.231000000000002,0.13837000138369998
nom_tt_025C_3v30,ring,g_puf[4],INV,25,8.862000000000002,8.858,8.866000000000001,0.1128413450688332
nom_tt_025C_3v30,ring,g_puf[5],INV,25,7.774999999999999,7.771,7.777999999999999,0.12861736334405147
nom_tt_025C_3v30,ring,g_puf[6],INV,25,7.075000000000001,7.0710000000000015,7.0790000000000015,0.14134275618374556
nom_tt_025C_3v30,ring,g_puf[7],INV,25,9.483999999999998,9.480999999999998,9.489999999999998,0.10544074230282584
nom_tt_025C_3v30,ring,g_puf[8],INV,25,7.318999999999999,7.311999999999998,7.324999999999999,0.13663068725235689
nom_tt_025C_3v30,ring,g_puf[9],INV,25,6.7940000000000005,6.790000000000001,6.797000000000001,0.14718869590815425
nom_tt_025C_3v30,ring,g_puf[10],INV,25,6.897999999999997,6.8939999999999975,6.9019999999999975,0.1449695563931575
nom_tt_025C_3v30,ring,g_puf[11],INV,25,7.124,7.118999999999999,7.13,0.1403705783267827
nom_tt_025C_3v30,ring,g_puf[12],INV,25,9.749000000000002,9.743000000000002,9.756000000000002,0.10257462303826032
nom_tt_025C_3v30,ring,g_puf[13],INV,25,8.104999999999999,8.102999999999998,8.107999999999999,0.12338062924120916
nom_tt_025C_3v30,ring,g_puf[14],INV,25,7.058999999999999,7.053999999999999,7.061999999999999,0.14166312508853945
nom_tt_025C_3v30,ring,g_puf[15],INV,25,6.876,6.871000000000001,6.882000000000001,0.14543339150668994
nom_tt_025C_3v30,ring,ring_nand,NAND,25,11.101,9.642,12.565999999999999,0.09008197459688316
nom_tt_025C_3v30,ring,ring_nor,NOR,25,13.400000000000004,11.774999999999999,15.021,0.07462686567164177
nom_tt_025C_3v30,ring,ring_fo4,FO4,13,9.421999999999999,9.418999999999999,9.424,0.10613457864572279
nom_tt_025C_3v30,fmax_tap,0,fmax,3,12.902,,,0.07750736319950395
nom_tt_025C_3v30,dchain_ring_tap,0,ring,3,25.573999999999998,,,0.03910221318526629
nom_tt_025C_3v30,fmax_tap,1,fmax,4,16.68,,,0.05995203836930456
nom_tt_025C_3v30,dchain_ring_tap,1,ring,4,32.92399999999999,,,0.030372980196816918
nom_tt_025C_3v30,fmax_tap,2,fmax,5,20.462999999999997,,,0.04886868983042565
nom_tt_025C_3v30,dchain_ring_tap,2,ring,5,40.193999999999996,,,0.024879335224162812
nom_tt_025C_3v30,fmax_tap,3,fmax,6,24.427,,,0.04093830597289884
nom_tt_025C_3v30,dchain_ring_tap,3,ring,6,47.914,,,0.020870726718704345
nom_tt_025C_3v30,fmax_tap,4,fmax,8,31.837999999999997,,,0.031409008103524094
nom_tt_025C_3v30,dchain_ring_tap,4,ring,8,62.395999999999994,,,0.01602666837617796
nom_tt_025C_3v30,fmax_tap,5,fmax,10,39.229000000000006,,,0.025491345688138874
nom_tt_025C_3v30,dchain_ring_tap,5,ring,10,76.761,,,0.013027448834694703
nom_tt_025C_3v30,fmax_tap,6,fmax,12,46.593,,,0.021462451441203612
nom_tt_025C_3v30,dchain_ring_tap,6,ring,12,91.07199999999999,,,0.010980323260716797
nom_tt_025C_3v30,fmax_tap,7,fmax,14,53.944,,,0.01853774284443126
nom_tt_025C_3v30,dchain_ring_tap,7,ring,14,105.36799999999998,,,0.009490547414774887
