chip,value,rel,bin_raw,bin_gb,misbin_risk
sim00,203907475.75476488,1.0195373787738244,BIN2-TYP,BIN2-TYP,1.8949946193247067e-241
sim01,201229127.2870535,1.0061456364352674,BIN2-TYP,BIN2-TYP,2.335917362442672e-131
sim02,193590437.17505267,0.9679521858752633,BIN3-SLOW,BIN3-SLOW,0.0
sim03,200865198.09911987,1.0043259904955995,BIN2-TYP,BIN2-TYP,6.67962679585861e-119
sim04,196519258.91631803,0.9825962945815901,BIN2-TYP,BIN2-TYP,4.3375647169209474e-18
sim05,200010306.9778912,1.000051534889456,BIN2-TYP,BIN2-TYP,4.8410229262370825e-92
sim06,194922036.46294692,0.9746101823147346,BIN2-TYP,BIN2-TYP,0.0007973416006547265
sim07,213427891.17836836,1.067139455891842,BIN1-FAST,BIN1-FAST,2.7856106061145157e-123
sim08,188004047.90783167,0.9400202395391584,BIN3-SLOW,BIN3-SLOW,8.680829932989544e-185
sim09,188376237.46036664,0.9418811873018332,BIN3-SLOW,BIN3-SLOW,9.50263164353703e-202
sim10,194200221.71015626,0.9710011085507813,BIN2-TYP,BIN3-SLOW,0.24610612331029957
sim11,202915922.14337134,1.0145796107168568,BIN2-TYP,BIN2-TYP,5.98603900734025e-197
sim12,193238092.35135838,0.9661904617567919,BIN3-SLOW,BIN3-SLOW,0.0
sim13,196124066.70465538,0.9806203335232769,BIN2-TYP,BIN2-TYP,2.08307093271795e-13
sim14,196323171.25389528,0.9816158562694765,BIN2-TYP,BIN2-TYP,1.1350296417901225e-15
sim15,198645855.8835397,0.9932292794176986,BIN2-TYP,BIN2-TYP,3.1046143093924245e-56
sim16,197004101.17376354,0.9850205058688177,BIN2-TYP,BIN2-TYP,7.209853082614158e-25
sim17,199883242.0806276,0.999416210403138,BIN2-TYP,BIN2-TYP,2.44302474043006e-88
sim18,201409513.21176836,1.0070475660588418,BIN2-TYP,BIN2-TYP,9.325703691609325e-138
sim19,205387777.5561009,1.0269388877805046,BIN2-TYP,BIN2-TYP,0.0
