chip,t_stage_dch,se_t_stage_dch,t_mux_dch,se_t_mux_dch,n_dch,t_stage_wls,se_t_stage_wls,a_wls,t_stage,se_t_stage,a_fmax,se_a_fmax,cens_ok,t_ov,se_t_ov,n_taps,fmax_rel_step,monotone,t_ov_via_dch,fmax_T0,fmax_fail_T0,fmax_T1,fmax_fail_T1,fmax_T2,fmax_fail_T2,fmax_T3,fmax_fail_T3,fmax_T4,fmax_fail_T4,fmax_T5,fmax_fail_T5,fmax_T6,fmax_fail_T6,fmax_T7,fmax_fail_T7
sim00,3.312989833977796e-09,1.1323769762078272e-12,5.979679579099078e-10,9.724606634620841e-12,8,3.312694157334964e-09,4.695575480228227e-12,1.524005394063727e-09,3.3124752229864334e-09,4.801260069846778e-12,1.5244647210623053e-09,3.7547767052127693e-11,True,9.244647210623053e-10,3.7547767052127693e-11,8,0.0049383014905682275,True,9.264967631523975e-10,87000000.0,87500000.0,67500000.0,68000000.0,55250000.0,55500000.0,46500000.0,46750000.0,35500000.0,35750000.0,28833333.333,28875000.0,24200000.0,24250000.0,20875000.0,20900000.0
sim01,3.3925076478485996e-09,1.700824373825619e-12,5.588333245744095e-10,1.4606308974436323e-11,8,3.3955696450038874e-09,4.932357837728305e-12,1.46161359498043e-09,3.395512453256365e-09,5.219825881246085e-12,1.4640265083313407e-09,4.465699305639968e-11,True,8.640265083313407e-10,4.465699305639968e-11,8,0.005640247535370686,True,9.051931837569311e-10,85500000.0,86000000.0,66000000.0,67000000.0,54000000.0,54500000.0,45750000.0,46000000.0,34833333.333,35000000.0,28166666.667,28333333.333,23666666.667,23700000.0,20400000.0,20416666.667
sim02,3.487838094998168e-09,2.631561303059244e-12,5.499417859402746e-10,2.2599274839410587e-11,8,3.4900664807663536e-09,5.281736203056342e-12,1.4643156841106715e-09,3.490102039114257e-09,5.429456130249097e-12,1.4632852375297381e-09,4.051949183821416e-11,True,8.632852375297381e-10,4.051949183821416e-11,8,0.004809053973792703,True,9.133434515894636e-10,83500000.0,84000000.0,64500000.0,65000000.0,52750000.0,53000000.0,44500000.0,44750000.0,34000000.0,34166666.667,27500000.0,27625000.0,23000000.0,23100000.0,19833333.333,19875000.0
sim03,3.362259156422216e-09,9.020701318928691e-13,5.997644439759431e-10,7.746781658238784e-12,8,3.3646263197987473e-09,5.355290184746574e-12,1.5052739871757009e-09,3.3641629880387692e-09,5.60887795268342e-12,1.5053708675740905e-09,4.216894409056564e-11,True,9.053708675740905e-10,4.216894409056564e-11,8,0.005143117124601859,True,9.056064235981474e-10,86000000.0,86500000.0,66500000.0,67000000.0,54250000.0,54750000.0,46000000.0,46250000.0,35166666.667,35250000.0,28375000.0,28500000.0,23875000.0,23900000.0,20500000.0,20600000.0
sim04,3.4359908793894667e-09,9.302541692505113e-13,6.112318161212069e-10,7.988820027471953e-12,8,3.4338000361360702e-09,5.024178764278771e-12,1.5397717549500557e-09,3.4338488474612228e-09,5.115479512555271e-12,1.538577118161002e-09,4.1109602911539455e-11,True,9.38577118161002e-10,4.1109602911539455e-11,8,0.004752309841909972,True,9.273453020397951e-10,84000000.0,84500000.0,65000000.0,66000000.0,53500000.0,53750000.0,45000000.0,45250000.0,34333333.333,34500000.0,27875000.0,28000000.0,23375000.0,23400000.0,20125000.0,20166666.667
sim05,3.3822058870818935e-09,2.3389478602457796e-12,5.246054495029265e-10,2.0086374376799264e-11,8,3.3854393633381828e-09,5.190398592950598e-12,1.4316809709624227e-09,3.3851288704190017e-09,5.369824370053338e-12,1.4328686593682324e-09,3.9681649583519384e-11,True,8.328686593682324e-10,3.9681649583519384e-11,8,0.004674147491566019,True,9.082632098653059e-10,86000000.0,86500000.0,66500000.0,67000000.0,54250000.0,54500000.0,46000000.0,46250000.0,35000000.0,35166666.667,28333333.333,28375000.0,23750000.0,23800000.0,20416666.667,20500000.0
sim06,3.4942656589007976e-09,1.7621941098865805e-12,6.011555523046883e-10,1.5133338890270487e-11,8,3.4891011071264474e-09,5.2891186182788316e-12,1.529359867745603e-09,3.4888494065445875e-09,5.616556709166402e-12,1.5310599561740025e-09,3.9425611703221044e-11,True,9.310599561740025e-10,3.9425611703221044e-11,8,0.004832299374042571,True,9.299044038693143e-10,83000000.0,83500000.0,64500000.0,65000000.0,52500000.0,52750000.0,44500000.0,44750000.0,33833333.333,34000000.0,27375000.0,27500000.0,23000000.0,23100000.0,19833333.333,19875000.0
sim07,3.185245287554894e-09,9.015994662986642e-13,6.244692193930451e-10,7.74273968471207e-12,8,3.187854221484521e-09,4.793594800213799e-12,1.5488443533159888e-09,3.1879825701442827e-09,4.845624342014015e-12,1.5472538360745496e-09,3.613961220959458e-11,True,9.472538360745496e-10,3.613961220959458e-11,8,0.004445520155079859,True,9.227846166815045e-10,90000000.0,90500000.0,69500000.0,70000000.0,57000000.0,57250000.0,48250000.0,48500000.0,36833333.333,37000000.0,29875000.0,30000000.0,25125000.0,25166666.667,21625000.0,21666666.667
sim08,3.654294682059145e-09,8.400399923681448e-13,5.969547235263701e-10,7.214080341413458e-12,8,3.657708745868845e-09,5.832924428931993e-12,1.4691615496814304e-09,3.657399099801061e-09,6.210627015878488e-12,1.4721418633709424e-09,4.155136254509852e-11,True,8.721418633709424e-10,4.155136254509852e-11,8,0.004736709498614314,True,8.751871398445723e-10,80000000.0,80500000.0,62000000.0,62250000.0,50500000.0,50750000.0,42500000.0,43000000.0,32500000.0,32666666.667,26250000.0,26333333.333,22000000.0,22100000.0,18916666.667,19000000.0
sim09,3.5975206300897287e-09,1.8220062591071633e-12,6.272185077810452e-10,1.5646992589844343e-11,8,3.5984192256332053e-09,4.9776604930549224e-12,1.5186267012915784e-09,3.5986313029666324e-09,5.175800897902853e-12,1.515476460084156e-09,4.129638784530683e-11,True,9.154764600841561e-10,4.129638784530683e-11,8,0.004964735599027183,True,8.882579523031109e-10,81000000.0,81500000.0,62500000.0,63000000.0,51250000.0,51500000.0,43000000.0,43500000.0,32833333.333,33000000.0,26625000.0,26666666.667,22375000.0,22400000.0,19250000.0,19300000.0
sim10,3.4936454414260426e-09,1.1006916698232117e-12,6.002256834277855e-10,9.452500130195344e-12,8,3.493967792692995e-09,6.211918877418362e-12,1.5036381032255951e-09,3.4934956260748826e-09,7.293553462664975e-12,1.5111256396976183e-09,5.460346648559583e-11,True,9.111256396976183e-10,5.460346648559583e-11,8,0.005273903870379262,True,9.108999562698328e-10,83000000.0,84000000.0,64500000.0,65000000.0,52500000.0,53000000.0,44250000.0,44500000.0,33833333.333,34000000.0,27375000.0,27500000.0,23000000.0,23100000.0,19800000.0,19875000.0
sim11,3.3412620571953583e-09,7.403291248888719e-13,6.164375776963958e-10,6.357785146610084e-12,8,3.3462107230603545e-09,5.063255110883445e-12,1.4881248410867475e-09,3.346353831145877e-09,5.153545237279969e-12,1.4877902202495807e-09,3.90145845542654e-11,True,8.877902202495807e-10,3.90145845542654e-11,8,0.004630845509205839,True,8.713526425531848e-10,86500000.0,87000000.0,67000000.0,67500000.0,54750000.0,55000000.0,46250000.0,46500000.0,35333333.333,35500000.0,28500000.0,28625000.0,24000000.0,24100000.0,20666666.667,20700000.0
sim12,3.52986417423813e-09,7.566599763862233e-13,6.547416569000799e-10,6.498030939448425e-12,8,3.5286509875181143e-09,4.809015160027962e-12,1.5686017419889662e-09,3.5287587227462332e-09,4.990560282944718e-12,1.5677287789252563e-09,3.988015386308434e-11,True,9.677287789252563e-10,3.988015386308434e-11,8,0.004879471117886463,True,9.129871220251764e-10,82000000.0,82500000.0,63500000.0,64000000.0,52000000.0,52250000.0,43750000.0,44000000.0,33500000.0,33666666.667,27125000.0,27166666.667,22750000.0,22800000.0,19600000.0,19625000.0
sim13,3.494542011650146e-09,1.4097179686831171e-12,6.559559282735154e-10,1.210635062283713e-11,8,3.4957366999366884e-09,5.197452271248718e-12,1.5396271944984593e-09,3.4959184846383358e-09,5.169725781954378e-12,1.5379347932088176e-09,3.870188869301732e-11,True,9.379347932088176e-10,3.870188869301732e-11,8,0.004832299374042571,True,8.819788649353022e-10,83000000.0,83500000.0,64000000.0,64500000.0,52500000.0,52750000.0,44250000.0,44500000.0,33833333.333,34000000.0,27375000.0,27500000.0,22900000.0,23000000.0,19800000.0,19833333.333
sim14,3.5055732439156884e-09,4.87737751057658e-13,5.336735591987406e-10,4.188585488354054e-12,8,3.508049677306926e-09,5.849047902237744e-12,1.4169065831368143e-09,3.5078578549777927e-09,6.499444525623732e-12,1.4186420610039144e-09,4.359847268578141e-11,True,8.186420610039144e-10,4.359847268578141e-11,8,0.004832299374042571,True,8.849685018051739e-10,83500000.0,84000000.0,64500000.0,65000000.0,52500000.0,52750000.0,44500000.0,44750000.0,33833333.333,34000000.0,27375000.0,27500000.0,22900000.0,23000000.0,19750000.0,19833333.333
sim15,3.4179928915130287e-09,1.6367900930910747e-12,5.99837774604949e-10,1.405639652976645e-11,8,3.4157550266585516e-09,5.312497757645402e-12,1.5103738030764981e-09,3.4163890574499957e-09,5.5070738471451506e-12,1.5063726110991955e-09,3.8963535138186265e-11,True,9.063726110991955e-10,3.8963535138186265e-11,8,0.004729824173873761,True,9.065348364942466e-10,85000000.0,85500000.0,65500000.0,66000000.0,53750000.0,54000000.0,45250000.0,45500000.0,34500000.0,34666666.667,28000000.0,28125000.0,23500000.0,23600000.0,20250000.0,20300000.0
sim16,3.4966741119275744e-09,1.8255638317204963e-12,5.983645094960532e-10,1.56775442479632e-11,8,3.4987530364285133e-09,5.186710409425129e-12,1.4738968294602003e-09,3.4988718664013344e-09,5.238195948143746e-12,1.4743253065257957e-09,3.8365258258219927e-11,True,8.743253065257957e-10,3.8365258258219927e-11,8,0.004832299374042571,True,8.759607970297426e-10,83500000.0,84000000.0,64500000.0,65000000.0,52500000.0,52750000.0,44250000.0,44500000.0,33833333.333,34000000.0,27375000.0,27500000.0,23000000.0,23100000.0,19800000.0,19833333.333
sim17,3.4265594690613387e-09,1.476108113004333e-12,6.104426645152876e-10,1.2676494710455034e-11,8,3.4247963022186676e-09,5.327642282848868e-12,1.5239866003854628e-09,3.4244114861538463e-09,5.731934875778146e-12,1.5247015913894192e-09,4.165897261037288e-11,True,9.247015913894192e-10,4.165897261037288e-11,8,0.0047406408900269,True,9.142589268741316e-10,84500000.0,85000000.0,65500000.0,66000000.0,53500000.0,53750000.0,45000000.0,45500000.0,34500000.0,34666666.667,27875000.0,28000000.0,23400000.0,23500000.0,20200000.0,20250000.0
sim18,3.4356401412393384e-09,1.4119927217753199e-12,5.807709792989914e-10,1.2125885706539237e-11,8,3.4349489299389462e-09,5.648415857429785e-12,1.4827128360501658e-09,3.4359727251617962e-09,5.662143399620688e-12,1.4762835283531407e-09,4.385269062168958e-11,True,8.762835283531407e-10,4.385269062168958e-11,8,0.005394713191878262,True,8.955125490541493e-10,84000000.0,85000000.0,65500000.0,66000000.0,53500000.0,53750000.0,45000000.0,45500000.0,34500000.0,34666666.667,27833333.333,28000000.0,23400000.0,23500000.0,20125000.0,20166666.667
sim19,3.30405522467629e-09,1.4674681346129597e-12,5.931420515743192e-10,1.2602296459383995e-11,8,3.2966400925250595e-09,5.296901065291466e-12,1.5750869533140181e-09,3.2964675614467432e-09,5.824483176167954e-12,1.5740710138664964e-09,4.178477887072677e-11,True,9.740710138664964e-10,4.178477887072677e-11,8,0.004643971187983869,True,9.809289622921772e-10,87000000.0,87500000.0,67500000.0,68000000.0,55250000.0,55500000.0,46500000.0,47000000.0,35750000.0,35833333.333,28875000.0,29000000.0,24300000.0,24333333.333,20900000.0,21000000.0
