chip,stages,functional,INV rings,NAND/NOR/FO4,DCH taps,Fmax taps,PUF bits,PUF reps,Stage5,temp,rows,invalid rows,flags
sim00,12345,PASS,16/16,YYY,8/8,8/8,16/16,11,Y,Y,849,0,PINMODE
sim01,12345,PASS,16/16,YYY,8/8,8/8,16/16,11,Y,Y,849,0,PINMODE
sim02,12345,PASS,16/16,YYY,8/8,8/8,16/16,11,Y,Y,849,0,PINMODE
sim03,12345,PASS,16/16,YYY,8/8,8/8,16/16,11,Y,Y,849,0,PINMODE
sim04,12345,PASS,16/16,YYY,8/8,8/8,16/16,11,Y,Y,854,0,PINMODE
sim05,12345,PASS,16/16,YYY,8/8,8/8,16/16,11,Y,Y,851,0,PINMODE
sim06,12345,PASS,16/16,YYY,8/8,8/8,16/16,11,Y,Y,849,0,PINMODE
sim07,12345,PASS,16/16,YYY,8/8,8/8,16/16,11,Y,Y,847,0,PINMODE
sim08,12345,PASS,16/16,YYY,8/8,8/8,16/16,11,Y,Y,847,0,PINMODE
sim09,12345,PASS,16/16,YYY,8/8,8/8,16/16,11,Y,Y,847,0,PINMODE
sim10,12345,PASS,16/16,YYY,8/8,8/8,16/16,11,Y,Y,850,0,PINMODE
sim11,12345,PASS,16/16,YYY,8/8,8/8,16/16,11,Y,Y,849,0,PINMODE
sim12,12345,PASS,16/16,YYY,8/8,8/8,16/16,11,Y,Y,851,0,PINMODE
sim13,12345,PASS,16/16,YYY,8/8,8/8,16/16,11,Y,Y,851,0,PINMODE
sim14,12345,PASS,16/16,YYY,8/8,8/8,16/16,11,Y,Y,851,0,PINMODE
sim15,12345,PASS,16/16,YYY,8/8,8/8,16/16,11,Y,Y,851,0,PINMODE
sim16,12345,PASS,16/16,YYY,8/8,8/8,16/16,11,Y,Y,851,0,PINMODE
sim17,12345,PASS,16/16,YYY,8/8,8/8,16/16,11,Y,Y,853,0,PINMODE
sim18,12345,PASS,16/16,YYY,8/8,8/8,16/16,11,Y,Y,855,0,PINMODE
sim19,12345,PASS,16/16,YYY,8/8,8/8,16/16,11,Y,Y,850,0,PINMODE
