quantity,label,n,mean,median,sd,rel_sd,shapiro_p
f_inv_mean,INV ring (mean of 16),20,197663946.4842375,197114079.62553126,6181500.710113691,0.031109033164264763,0.7161033324337702
f_inv_mean_25C,INV ring @25C,20,198299199.06444752,197824978.52865162,5876908.632248291,0.029475384890491767,0.6177041418798946
f_nand,NAND ring,20,146254223.71835,146244880.047,5152453.828900549,0.03497011081128622,0.7930893385982571
f_nor,NOR ring,20,123336444.35649998,123538323.12799999,4229356.847378667,0.03415637813604206,0.7332728915766932
f_fo4,FO4 ring,20,85877973.1916,85808950.1925,2933560.352476538,0.0340325392637983,0.9917467678017053
t_stage,chain stage delay (Fmax fit),20,3.4379295008464723e-09,3.4349107863115095e-09,1.0758512955596216e-10,0.03143985053646942,0.9101892501673483
t_stage_dch,chain stage delay (DCH ring),20,3.4375463262582816e-09,3.4358155103144025e-09,1.0733344671583093e-10,0.031381914937186936,0.8661089957214381
t_ov,Fmax overhead t_ov,20,9.036750386024797e-10,9.087491253984069e-10,4.198027957276409e-11,0.04682608605107244,0.8492628538599691
fmax_T7,Fmax T7,20,20133333.33335,20125000.0,613731.7546564494,0.030355742655958095,0.7795264126288228
