chip,s_n,s_p,se_s_n,se_s_p,cov_np,delta,se_delta,sigma_sum,se_sum,structures,temp_used,s_n_ci,s_p_ci,delta_ci
sim00,0.024017988265258434,0.013238154777394328,0.013833009087732795,0.013713646869014521,-0.0001798511049169741,0.010779833487864106,0.027186733174533458,0.03725614304265276,0.004440049665868798,INV+NAND+NOR+FO4+DLY,22.92,"[0.001264713095648469, 0.0467712634348684]","[-0.009318787013835907, 0.03579509656862456]","[-0.033938363179229165, 0.05549803015495738]"
sim01,0.01192174617886582,-0.0010338548464881954,0.013833382912995839,0.013713752931834198,-0.0001798456198177306,0.012955601025354015,0.027186775129250208,0.010887891332377626,0.00444277645819538,INV+NAND+NOR+FO4+DLY,25.63,"[-0.010832143878583908, 0.034675636236315546]","[-0.02359097109553206, 0.021523261402555668]","[-0.03176266465110727, 0.0576738667018153]"
sim02,-0.0597544364491261,-0.0017144578514125819,0.013834242001784782,0.013713996682823434,-0.0001798330139354538,-0.05803997859771352,0.027186871549542913,-0.06146889430053868,0.004449036851896237,INV+NAND+NOR+FO4+DLY,25.155,"[-0.08250973958188619, -0.036999133316366006]","[-0.024271975035155165, 0.02084305933233]","[-0.10275840287144297, -0.013321554323984068]"
sim03,0.048217005122186296,-0.03839594650403222,0.013832883060652671,0.013713611112696235,-0.00017985295406581679,0.08661295162621852,0.027186719030651545,0.009821058618154077,0.004439130026066331,INV+NAND+NOR+FO4+DLY,24.085,"[0.02546393724867617, 0.07097007299569642]","[-0.06095282948135264, -0.015839063526711803]","[0.04189477822374071, 0.13133112502869632]"
sim04,-0.05892310393787166,0.021259555899557435,0.01383288677509264,0.0137136121665513,-0.00017985289956544995,-0.08018265983742909,0.027186719447517323,-0.037663548038314225,0.004439157133535237,INV+NAND+NOR+FO4+DLY,25.549999999999997,"[-0.08167617792109184, -0.036170029954651475]","[-0.0012973288112003087, 0.04381644061031518]","[-0.12490083392559008, -0.035464485749268096]"
sim05,-0.028607439343468186,0.02786718117188227,0.0138339994367552,0.013713927858265263,-0.00017983657330484978,-0.05647462051535046,0.027186844324554232,-0.0007402581715859162,0.004447270073668534,INV+NAND+NOR+FO4+DLY,22.875,"[-0.0513623434922596, -0.005852535194676774]","[0.005309777194463818, 0.05042458514930072]","[-0.10119300000795853, -0.011756241022742385]"
sim06,-0.0359253952037047,-0.012673574828165866,0.013833391122805183,0.013713755261168782,-0.00017984549935438812,-0.023251820375538832,0.027186776050655875,-0.04859897003187057,0.004442836325025202,INV+NAND+NOR+FO4+DLY,26.27,"[-0.0586792987650891, -0.013171491642320295]","[-0.03523069490862417, 0.009883545252292441]","[-0.06797008756757757, 0.021466446816499906]"
sim07,0.07278373979424652,0.05953847978022021,0.013832905986140455,0.013713617617082884,-0.00017985261768984758,0.013245260014026303,0.02718672160354502,0.13232221957446672,0.004439297330577364,INV+NAND+NOR+FO4+DLY,26.43,"[0.050030634211664655, 0.09553684537682838]","[0.03698158610413582, 0.0820953734563046]","[-0.03147291762048467, 0.05796343764853727]"
sim08,-0.057271598165260194,-0.06524366853193611,0.013832829063208547,0.013713595792648905,-0.00017985374634523328,0.007972070366675917,0.027186712970614365,-0.12251526669719631,0.004438735942319411,INV+NAND+NOR+FO4+DLY,33.835,"[-0.08002457722087851, -0.03451861910964188]","[-0.08780052631002111, -0.04268681075385111]","[-0.036746093067927754, 0.05269023380127959]"
sim09,-0.06716270559334878,-0.05556353493129568,0.013833397112097103,0.013713756960485941,-0.0001798454114728715,-0.011599170662053099,0.02718677672284811,-0.12272624052464445,0.004442879999112075,INV+NAND+NOR+FO4+DLY,22.305,"[-0.08991661900624172, -0.04440879218045583]","[-0.07812065780688197, -0.03300641205570938]","[-0.05631743895974967, 0.033119097635643475]"
sim10,0.0144182305829289,-0.07418231163837415,0.013832959805341416,0.01371363288661994,-0.00017985182802132303,0.08860054222130305,0.027186727643609875,-0.05976408105544524,0.0044396900660439225,INV+NAND+NOR+FO4+DLY,24.455,"[-0.008334963524360858, 0.037171424690218655]","[-0.09673923043061194, -0.05162539284613635]","[0.0438823546517695, 0.1333187297908366]"
sim11,0.012738101439700745,0.012753203544628838,0.013832818468142879,0.013713592786642992,-0.00017985390180134822,-1.5102104928093468e-05,0.02718671178155162,0.025491304984329582,0.004438658613563897,INV+NAND+NOR+FO4+DLY,21.74,"[-0.010014860188585379, 0.03549106306798687]","[-0.009803649289016435, 0.03531005637827411]","[-0.0447332635836976, 0.044703059373841406]"
sim12,-0.03181332341588501,-0.03830645253948177,0.01383280958045354,0.013713590265050932,-0.00017985403220588885,0.006493129123596758,0.02718671078410488,-0.07011977595536678,0.004438593745209095,INV+NAND+NOR+FO4+DLY,28.775,"[-0.05456627042522309, -0.009060376406546933]","[-0.0608633012254772, -0.01574960385348634]","[-0.03822503071451886, 0.05121128896171238]"
sim13,-0.03284846774567862,-0.003742273012023744,0.01383313737265193,0.013713683266164178,-0.00017984922262238948,-0.02910619473365488,0.027186747571934934,-0.03659074075770237,0.004440985594499491,INV+NAND+NOR+FO4+DLY,29.87,"[-0.055601953925203104, -0.010094981566154137]","[-0.026299274671237605, 0.018814728647190117]","[-0.07382441508236619, 0.015612025615056428]"
sim14,-0.02442212968518761,-0.015298058856785214,0.01383273426690726,0.013713568897334329,-0.00017985513723985054,-0.009124070828402395,0.027186702331847952,-0.039720188541972824,0.0044380440197349085,INV+NAND+NOR+FO4+DLY,31.564999999999998,"[-0.04717495281476593, -0.00166930655560929]","[-0.03785487239601448, 0.007258754682444057]","[-0.05384221676379254, 0.035594075106987755]"
sim15,-0.016994171176572155,0.0026704469393121176,0.013833322127553357,0.013713735685467696,-0.00017984651172630407,-0.019664618115884273,0.027186768307177218,-0.014323724237260037,0.004442333180088969,INV+NAND+NOR+FO4+DLY,26.11,"[-0.039747961250866354, 0.00575961889772204]","[-0.019886640941983256, 0.02522753482060749]","[-0.06438287257103406, 0.025053636339265512]"
sim16,0.011943936169881798,-0.04127225428078709,0.013833441323521494,0.013713769504427743,-0.0001798447627527675,0.05321619045066889,0.02718678168480814,-0.02932831811090529,0.0044432023773793555,INV+NAND+NOR+FO4+DLY,32.935,"[-0.010810049964332907, 0.034697922304096504]","[-0.06382939778932156, -0.018715110772252623]","[0.008497913991274364, 0.09793446691006341]"
sim17,0.017922414824345,-0.020658081041429077,0.013833200917859553,0.01371370129537523,-0.00017984829023197152,0.03858049586577408,0.027186754703652834,-0.0027356662170840776,0.004441449131612747,INV+NAND+NOR+FO4+DLY,31.78,"[-0.004831175877744721, 0.040676005526434716]","[-0.04321511235605613, 0.0018989502731979711]","[-0.006137736213569285, 0.08329872794511745]"
sim18,0.00170037341507117,0.013090485381103573,0.013833154561938465,0.013713688143147286,-0.0001798489704066867,-0.011390111966032403,0.027186749501096133,0.014790858796174743,0.004441110988097914,INV+NAND+NOR+FO4+DLY,35.33,"[-0.021053141038313617, 0.024453887868455957]","[-0.009466524300033639, 0.03564749506224078]","[-0.0561083354879315, 0.0333281115558667]"
sim19,0.014802265041776466,0.043170223936994156,0.013833233363444624,0.013713710500943516,-0.00017984781416054444,-0.02836795889521769,0.02718675834505274,0.05797248897877062,0.0044416857914666786,INV+NAND+NOR+FO4+DLY,26.1,"[-0.007951379028551534, 0.03755590911210446]","[0.020613177480554724, 0.0657272703934336]","[-0.0730861969641309, 0.01635027917369552]"
