chip,n_inv,f_inv_mean,f_nand,f_nor,f_fo4,tpd_inv_ps,tpd_nand_ps,tpd_nor_ps,tpd_fo4_ps,temp_c,f_inv_mean_25C,t_stage_dch,t_stage_wls,t_stage,t_ov,t_ov_via_dch,fmax_T0,fmax_T1,fmax_T2,fmax_T3,fmax_T4,fmax_T5,fmax_T6,fmax_T7
sim00,16,204545658.208375,150276608.539,126235718.581,171565396.498,97.77768042197002,133.08791164800323,158.43376363534435,224.18004589863096,22.92,203907475.75476488,3.312989833977796e-09,3.312694157334964e-09,3.3124752229864334e-09,9.244647210623053e-10,9.264967631523975e-10,87000000.0,67500000.0,55250000.0,46500000.0,35500000.0,28833333.333,24200000.0,20875000.0
sim01,16,201039145.29474998,149369584.703,125046310.128,168517020.559,99.48311295632179,133.89606752785133,159.94074498901713,228.23533393810854,25.63,201229127.2870535,3.3925076478485996e-09,3.3955696450038874e-09,3.395512453256365e-09,8.640265083313407e-10,9.051931837569311e-10,85500000.0,66000000.0,54000000.0,45750000.0,34833333.333,28166666.667,23666666.667,20400000.0
sim02,16,193545437.86075002,142807769.209,123624678.663,159581736.909,103.33490792167049,140.04840290397564,161.77999584144405,241.01466249531293,25.155,193590437.17505267,3.487838094998168e-09,3.4900664807663536e-09,3.490102039114257e-09,8.632852375297381e-10,9.133434515894636e-10,83500000.0,64500000.0,52750000.0,44500000.0,34000000.0,27500000.0,23000000.0,19833333.333
sim03,16,201141264.484625,151347668.08,122777104.785,169819911.655,99.43260549368165,132.14607303647594,162.89682050267285,226.48426846243765,24.085,200865198.09911987,3.362259156422216e-09,3.3646263197987473e-09,3.3641629880387692e-09,9.053708675740905e-10,9.056064235981474e-10,86000000.0,66500000.0,54250000.0,46000000.0,35166666.667,28375000.0,23875000.0,20500000.0
sim04,16,196357264.17337498,141625601.813,123741149.816,160153747.598,101.85515715039126,141.21740521468467,161.6277206874148,240.15384615338698,25.549999999999997,196519258.91631803,3.4359908793894667e-09,3.4338000361360702e-09,3.4338488474612228e-09,9.38577118161002e-10,9.273453020397951e-10,84000000.0,65000000.0,53500000.0,45000000.0,34333333.333,27875000.0,23375000.0,20125000.0
sim05,16,200649878.4655,145177119.628,126274680.604,166506826.507,99.6761132025247,137.76275525542692,158.38487893483898,230.9907603693445,22.875,200010306.9778912,3.3822058870818935e-09,3.3854393633381828e-09,3.3851288704190017e-09,8.328686593682324e-10,9.082632098653059e-10,86000000.0,66500000.0,54250000.0,46000000.0,35000000.0,28333333.333,23750000.0,20416666.667
sim06,16,194551416.0154375,143147193.585,122760595.647,165869276.709,102.80058819213639,139.71632624515348,162.91872725601877,231.8786168520837,26.27,194922036.46294692,3.4942656589007976e-09,3.4891011071264474e-09,3.4888494065445875e-09,9.310599561740025e-10,9.299044038693143e-10,83000000.0,64500000.0,52500000.0,44500000.0,33833333.333,27375000.0,23000000.0,19833333.333
sim07,16,212971068.237,158998091.603,132942111.959,178351177.73,93.90946932633807,125.78767328816566,150.44141924094072,215.65059985061677,26.43,213427891.17836836,3.185245287554894e-09,3.187854221484521e-09,3.1879825701442827e-09,9.472538360745496e-10,9.227846166815045e-10,90000000.0,69500000.0,57000000.0,48250000.0,36833333.333,29875000.0,25125000.0,21625000.0
sim08,16,185545111.32006252,137394888.706,115526243.473,154688950.789,107.79049826594623,145.56582263257516,173.12083729853347,248.63791670551223,33.835,188004047.90783167,3.654294682059145e-09,3.657708745868845e-09,3.657399099801061e-09,8.721418633709424e-10,8.751871398445723e-10,80000000.0,62000000.0,50500000.0,42500000.0,32500000.0,26250000.0,22000000.0,18916666.667
sim09,16,189140839.30325,138265560.166,117275242.047,157099308.611,105.74130935273026,144.64918072141924,170.53897865318126,244.8230918493387,22.305,188376237.46036664,3.5975206300897287e-09,3.5984192256332053e-09,3.5986313029666324e-09,9.154764600841561e-10,8.882579523031109e-10,81000000.0,62500000.0,51250000.0,43000000.0,32833333.333,26625000.0,22375000.0,19250000.0
sim10,16,194359110.28281248,146246342.891,118551784.669,162740885.417,102.90230270604731,136.7555564442822,168.7026480102394,236.3360526335243,24.455,194200221.71015626,3.4936454414260426e-09,3.493967792692995e-09,3.4934956260748826e-09,9.111256396976183e-10,9.108999562698328e-10,83000000.0,64500000.0,52500000.0,44250000.0,33833333.333,27375000.0,23000000.0,19800000.0
sim11,16,203913056.9920625,149188059.701,126029850.746,168282828.283,98.08101695409587,134.05898595426225,158.69256276679968,228.5529596451634,21.74,202915922.14337134,3.3412620571953583e-09,3.3462107230603545e-09,3.346353831145877e-09,8.877902202495807e-10,8.713526425531848e-10,86500000.0,67000000.0,54750000.0,46250000.0,35333333.333,28500000.0,24000000.0,20666666.667
sim12,16,192150042.734375,141717687.075,118812358.277,160035211.268,104.08532683829618,141.12564502563168,168.33265739387022,240.33172547964807,28.775,193238092.35135838,3.52986417423813e-09,3.5286509875181143e-09,3.5287587227462332e-09,9.677287789252563e-10,9.129871220251764e-10,82000000.0,63500000.0,52000000.0,43750000.0,33500000.0,27125000.0,22750000.0,19600000.0
sim13,16,194701770.27281252,144675925.926,123451967.593,165989375.83,102.72120264739438,138.2399999999292,162.0063283716674,231.71084455989103,29.87,196124066.70465538,3.494542011650146e-09,3.4957366999366884e-09,3.4959184846383358e-09,9.379347932088176e-10,8.819788649353022e-10,83000000.0,64000000.0,52500000.0,44250000.0,33833333.333,27375000.0,22900000.0,19800000.0
sim14,16,194408731.2726875,143572659.391,121527857.553,162084278.768,102.87603786656574,139.30228836628848,164.57132054087037,237.29345470075194,31.564999999999998,196323171.25389528,3.5055732439156884e-09,3.508049677306926e-09,3.5078578549777927e-09,8.186420610039144e-10,8.849685018051739e-10,83500000.0,64500000.0,52500000.0,44500000.0,33833333.333,27375000.0,22900000.0,19750000.0
sim15,16,198315660.309125,146315481.416,124460052.678,163926581.449,100.84932258413153,136.69093527523975,160.69413092523357,234.6266122404585,26.11,198645855.8835397,3.4179928915130287e-09,3.4157550266585516e-09,3.4163890574499957e-09,9.063726110991955e-10,9.065348364942466e-10,85000000.0,65500000.0,53750000.0,45250000.0,34500000.0,28000000.0,23500000.0,20250000.0
sim16,16,194686841.0481875,146243417.203,120114101.814,162840390.879,102.72907964565383,136.75829232189005,166.50834246731955,236.19163681643118,32.935,197004101.17376354,3.4966741119275744e-09,3.4987530364285133e-09,3.4988718664013344e-09,8.743253065257957e-10,8.759607970297426e-10,83500000.0,64500000.0,52500000.0,44250000.0,33833333.333,27375000.0,23000000.0,19800000.0
sim17,16,197870895.0776875,146584579.302,121521547.933,164166119.501,101.07600712144986,136.4400000002396,164.57986538343678,234.28426388128264,31.78,199883242.0806276,3.4265594690613387e-09,3.4247963022186676e-09,3.4244114861538463e-09,9.247015913894192e-10,9.142589268741316e-10,84500000.0,65500000.0,53500000.0,45000000.0,34500000.0,27875000.0,23400000.0,20200000.0
sim18,16,198336292.361625,148025458.851,125186500.888,168294078.062,100.83883167249168,135.11189328676002,159.76163450636986,228.53768180345074,35.33,201409513.21176836,3.4356401412393384e-09,3.4349489299389462e-09,3.4359727251617962e-09,8.762835283531407e-10,8.955125490541493e-10,84000000.0,65500000.0,53500000.0,45000000.0,34500000.0,27833333.333,23400000.0,20125000.0
sim19,16,205049445.97025,154104776.579,130869029.276,172498274.672,97.53744959106955,129.78183054402103,152.82454611793924,222.96767045741097,26.1,205387777.5561009,3.30405522467629e-09,3.2966400925250595e-09,3.2964675614467432e-09,9.740710138664964e-10,9.809289622921772e-10,87000000.0,67500000.0,55250000.0,46500000.0,35750000.0,28875000.0,24300000.0,20900000.0
