item,n,pred_tt,meas_median,ratio_median,ratio_ci,ratio_sd,band_lo_rel,band_hi_rel,frac_in_band,values_rel
R00,20,200000000.0,198619433.93721193,0.9930971696860595,"[0.9816404996554388, 1.0059389299189039]",0.031440672406948866,0.8869204367171574,1.1274968515793755,1.0,"[1.0242911270027588, 1.003824982594083, 0.9718737899825302, 1.0085694094803646, 1.0007849509817959, 0.9857167408922929, 0.958791666376324, 1.067724338760294, 0.9339086563891135, 0.9364518048651296, 0.9725013324252721, 1.0137632436833153, 0.9775642584185846, 0.9846229171213895, 0.9941767668384671, 0.9920175725336521, 0.983774162184177, 1.0080528772437247, 1.006887740349181, 1.0351073460083362]"
R01,20,200000000.0,199002861.15362176,0.9950143057681088,"[0.9784831011055983, 1.0058607783917088]",0.03050370595971689,0.8869204367171574,1.1274968515793755,1.0,"[1.0414958997096069, 1.0014456727690757, 0.958987001265603, 1.0087552809211942, 0.9933158326736697, 0.9967127788625478, 0.9702628277437504, 1.0592724174182815, 0.9291096335921721, 0.9473367001998944, 0.9749634394010319, 1.0058607783917088, 0.9759337735332692, 0.9798972072803712, 0.9784831011055983, 0.9971174169652147, 0.9849696589258724, 1.0069464818487466, 1.010884628434747, 1.024774461729213]"
R02,20,200000000.0,199810152.30869937,0.9990507615434969,"[0.9826262148821359, 1.0054841224700586]",0.028738920168273317,0.8869204367171574,1.1274968515793755,1.0,"[1.018721292814114, 1.0135530961921864, 0.9681837570592985, 1.0044139779387338, 0.9976113417424306, 1.006889897988568, 0.9661760221670468, 1.0638171150792533, 0.9473151884383979, 0.9404781145141367, 0.9704263926813428, 1.0054841224700586, 0.9668737739740532, 0.9827858574506322, 0.9993132634129211, 0.9987882596740726, 0.9887596194800697, 1.0003044332429607, 1.0147035470611325, 1.024921695770196]"
R03,20,200000000.0,198426267.23992068,0.9921313361996035,"[0.9800106837041221, 1.0083538551827709]",0.02978391849217819,0.8869204367171574,1.1274968515793755,1.0,"[1.0320494310553123, 1.0011251701, 0.9725131045786228, 1.0100242201534404, 0.9800106837041221, 1.008858999242969, 0.9809011138305452, 1.0600344593746085, 0.9428374825139161, 0.9476192505689028, 0.983913915480284, 1.0161056828031332, 0.9524204064927053, 0.975088505842302, 0.9841583969310648, 1.0001042754681422, 0.9681440215638832, 1.0057246083247269, 1.0083538551827709, 1.0275030098473725]"
R04,20,200000000.0,197321975.72504637,0.9866098786252319,"[0.9798563328429717, 1.0061567780815242]",0.03047049708849508,0.8869204367171574,1.1274968515793755,1.0,"[1.0220576627008613, 1.0263381288965174, 0.9647035290843787, 1.0118035539613512, 0.9813775965676464, 0.9981405101915776, 0.9670305463955087, 1.0686762930566691, 0.932407484028124, 0.9546756726399465, 0.9826932372661783, 1.0102989491193621, 0.9704837268346757, 0.9798563328429717, 0.9793593109668557, 0.9885989423007732, 0.9846208149496906, 1.0016683707824212, 1.0094460225635435, 1.0264820499184744]"
R05,20,200000000.0,198021391.54612517,0.9901069577306258,"[0.9798084815917969, 1.0034333155581723]",0.03238453425371797,0.8869204367171574,1.1274968515793755,1.0,"[1.0103010932688188, 1.0034333155581723, 0.9592221915246276, 1.004959377264348, 0.9838625314590171, 0.9963513840022347, 0.9818158425104191, 1.0767026922823895, 0.9553114209544153, 0.9368119010229051, 0.9651986766008124, 1.0471689953705545, 0.9669489435853167, 0.9776201768158737, 0.9798084815917969, 1.0024873521203248, 0.9816366588579697, 1.0050226369439619, 0.9999304785282433, 1.0279711819889068]"
R06,20,200000000.0,198029491.95218152,0.9901474597609075,"[0.9751068955661988, 1.0016463255723547]",0.03087756967776793,0.8869204367171574,1.1274968515793755,1.0,"[1.0218328822807228, 1.0119493040544907, 0.9641844011401872, 1.0016463255723547, 0.9759116759252919, 0.9968922769129522, 0.97231749296875, 1.0674744354500438, 0.9384476027019426, 0.9343609558591714, 0.9707370596083393, 1.0308028182743225, 0.9779578677065888, 0.9743776218545869, 0.9743021152071057, 0.9978723266254984, 0.9836258232074258, 1.0026880021861668, 0.9966690963143893, 1.0129463403880146]"
R07,20,200000000.0,198197823.24737692,0.9909891162368847,"[0.9812934798172703, 1.000783887245847]",0.02990222629285562,0.8869204367171574,1.1274968515793755,1.0,"[1.0145161710115904, 1.0001371347881376, 0.9636684022183245, 1.0072113441268422, 0.9827354322186432, 1.0064986982301585, 0.9822516378670682, 1.0575905011648932, 0.9337198350986733, 0.9474481544921607, 0.967721021591704, 1.0003612936027726, 0.9563961646326178, 0.9812934798172703, 0.9909549859157989, 1.000783887245847, 0.9744628870848645, 0.9910232465579705, 1.0266892713408537, 1.0332048699437886]"
R08,20,200000000.0,198332680.6611467,0.9916634033057334,"[0.9785979888572308, 1.003172998440915]",0.02871050275326602,0.8869204367171574,1.1274968515793755,1.0,"[1.007389647349966, 1.0065237075464095, 0.9701050150579513, 0.9993131489284751, 0.9811809558828096, 1.003172998440915, 0.9695360599084681, 1.0725955789056805, 0.9407590261887901, 0.9534643305263072, 0.9647614601976554, 1.0121817730219642, 0.9790915495997131, 0.9785979888572308, 0.9717644365386717, 0.9912632469292049, 0.9961737554664845, 0.9920635596822619, 1.0101609235948876, 1.02496248243233]"
R09,20,200000000.0,196427329.9701534,0.982136649850767,"[0.9753732399816283, 0.9968947458995656]",0.029896840042865018,0.8869204367171574,1.1274968515793755,1.0,"[1.014147311325676, 1.0001839773926067, 0.972145909200542, 1.010392706580726, 0.9812375952767911, 0.9921256064948906, 0.9706318892992265, 1.0734415626617761, 0.9407402064928189, 0.9491212980860146, 0.9697959264741564, 1.0198551502640283, 0.9559259307056471, 0.9741333367078484, 0.9786005707627146, 0.982337772100911, 0.981935527600623, 0.9873233151173866, 1.0016638853042408, 1.0210228868174465]"
R10,20,200000000.0,197978135.69338197,0.9898906784669098,"[0.9825633442295372, 1.0038733888600337]",0.030581750276109338,0.8869204367171574,1.1274968515793755,1.0,"[1.0231018332625228, 1.0102287750095682, 0.9742038552767858, 1.021916540181181, 0.9897269006804786, 1.0118274182912104, 0.9825861962539831, 1.0748015873005126, 0.9485675229877644, 0.9383334383725771, 0.9623296359305269, 1.0070956366417108, 0.9739457516441529, 0.990054456253341, 0.9732075461673512, 0.9881403249922315, 0.9975180027104992, 0.9932604585965918, 0.9877129725211626, 1.0289134808959206]"
R11,20,200000000.0,197964112.81014922,0.9898205640507461,"[0.9808961077152637, 0.9974959107657918]",0.02848543890920876,0.8869204367171574,1.1274968515793755,1.0,"[1.0176844521715291, 0.9943988197, 0.9672804608117386, 0.9974959107657918, 0.9869817023487655, 0.9917275455464579, 0.9690839741375856, 1.0583592698892537, 0.9297194813992921, 0.9334589869132646, 0.988621069773255, 1.0107805435052923, 0.9666930781249998, 0.9808961077152637, 0.9734299975609709, 0.9910200583282373, 0.9849302546228814, 1.0057447232186822, 1.0052472554632057, 1.008349587609975]"
R12,20,200000000.0,197607647.04910845,0.9880382352455424,"[0.9762982354642067, 1.0058268722232397]",0.03293756851249434,0.8869204367171574,1.1274968515793755,1.0,"[1.0215463372991387, 1.0099157334896218, 0.9682854689318119, 0.9840144263289158, 0.9643046995082342, 1.0058268722232397, 0.9806821885258146, 1.0707962151716683, 0.9436197043145109, 0.9330800451032601, 0.9685820445994975, 1.0163989286891677, 0.9648535699798406, 0.9850189680169756, 0.9831359124468625, 0.991057502474109, 0.992220004315908, 1.0026709213984166, 1.0183056359816014, 1.0456238575583547]"
R13,20,200000000.0,198274275.4098311,0.9913713770491557,"[0.9815908459956322, 0.9964967730470297]",0.029774330859036816,0.8869204367171574,1.1274968515793755,1.0,"[1.0105436431447388, 0.9909315365859044, 0.9696978616167803, 0.9964967730470297, 0.9830360538720654, 1.0022055523411928, 0.9723309323771439, 1.076982741401996, 0.9470204785532034, 0.9439879315492166, 0.9680064568774438, 1.0109831771873796, 0.9564434657571163, 0.989315997150228, 0.9857847275390625, 0.9967910593730568, 0.9918112175124069, 0.9960348584792028, 0.9936486536633544, 1.032058706719758]"
R14,20,200000000.0,198259206.72057372,0.9912960336028687,"[0.9717297518317098, 1.006073936414471]",0.031446212834533784,0.8869204367171574,1.1274968515793755,1.0,"[1.0289563948762759, 1.0148526536495421, 0.9734544686999064, 1.006073936414471, 0.9676007314831008, 0.992325048769795, 0.9781488931640625, 1.0629269943519952, 0.9508326454659258, 0.936065208066023, 0.9599025505711715, 1.0124099852901223, 0.958509841924133, 0.9694482569622557, 0.9717297518317098, 0.9902670184359423, 0.9959408240919175, 0.9995186840749072, 1.0215454533010373, 1.0281110086278102]"
R15,20,200000000.0,197885996.90047282,0.9894299845023641,"[0.9718620289805815, 1.0009116373371196]",0.030770930293605177,0.8869204367171574,1.1274968515793755,1.0,"[1.0039628811075567, 1.0094881746379671, 0.968725757555122, 0.9961289162643687, 0.9718620289805815, 1.0055522298002957, 0.9912156335100567, 1.0630350920001552, 0.9260074635074715, 0.9374052040504195, 0.9658635173338324, 1.013722693154813, 0.9590052851952562, 0.9869181256838893, 0.9876443354946715, 0.9830214551159583, 0.9698048613264095, 0.9926121887520785, 1.0009116373371196, 1.0290692382321747]"
INV,20,200000000.0,197824978.52865162,0.9891248926432581,"[0.9806203335232769, 1.0030985856623618]",0.029384543161241474,0.8869204367171574,1.1274968515793755,1.0,"[1.0195373787738244, 1.0061456364352674, 0.9679521858752633, 1.0043259904955995, 0.9825962945815901, 1.000051534889456, 0.9746101823147346, 1.067139455891842, 0.9400202395391584, 0.9418811873018332, 0.9710011085507813, 1.0145796107168568, 0.9661904617567919, 0.9806203335232769, 0.9816158562694765, 0.9932292794176986, 0.9850205058688177, 0.999416210403138, 1.0070475660588418, 1.0269388877805046]"
NAND,20,148148148.14814815,146342941.59912214,0.9878148557940745,"[0.9758902698686323, 1.0021925748073213]",0.034214101266406116,0.8869204367171576,1.1274968515793757,1.0,"[1.0112022822624187, 1.0091974879836743, 0.9641765611035524, 1.0201946179875314, 0.956761489807846, 0.9768219810245038, 0.9680842506742611, 1.075539211939047, 0.9397060726628899, 0.9295196960634455, 0.9863558089133846, 1.0020950781011693, 0.9620111034769195, 0.9836962890630034, 0.9786588152918819, 0.9892739026747642, 0.9988925364647462, 0.9995085751961339, 1.0146540150172998, 1.0419235838573986]"
NOR,20,125000000.00000001,123748328.83269368,0.9899866306615492,"[0.9817968250420253, 1.0003233737662436]",0.03272703410031003,0.8869204367171575,1.127496851579376,1.0,"[1.006734905112218, 1.0013158311285675, 0.9892273712063131, 0.9808687456694606, 0.9907458901167855, 1.0069774404765979, 0.9839556366536601, 1.0658181823132165, 0.9364580401170075, 0.9344092550482, 0.9476389486802645, 1.0033085182068164, 0.9558810660459479, 0.9948302737301347, 0.9817968250420253, 0.9973382293256708, 0.9723500792867289, 0.9820593766038288, 1.0170101257540765, 1.048679705394443]"
FO4,20,86956521.73913044,86270521.16955015,0.9921109934498267,"[0.9788055845550471, 1.0014145696590502]",0.03293748992480845,0.8869204367171574,1.1274968515793757,1.0,"[1.022746028637338, 1.0086884241748022, 0.954508060123346, 1.0141212233032546, 0.9585041380487828, 0.9925369942692301, 0.9937943404794347, 1.0688220389444532, 0.9372928050262649, 0.9356508087363339, 0.972402616288241, 1.0014145696590502, 0.9624250394378765, 0.999860647348669, 0.9788055845550471, 0.9819150612677755, 0.9853805440473319, 0.9916849926304233, 1.0219797751618942, 1.0332353154070517]"
DCH0,20,46296296.2962963,45983205.946424566,0.9932372484427706,"[0.9786863536013954, 1.0056213042561306]",0.027846836716355933,0.8925274709746996,1.119566782694575,1.0,"[1.0231928565300978, 1.0052596845193873, 0.9786863536013954, 1.0084387606916756, 0.9898925730120844, 1.0061354642378242, 0.9767433988017785, 1.064306374907306, 0.9471602287313058, 0.943628750026621, 0.9747348478099517, 1.0111943033722566, 0.9664842662115668, 0.9775459132617997, 0.9866233827623048, 0.9965819238734568, 0.9868563821456602, 1.0023781348564007, 1.0051071442744368, 1.0282791480855098]"
T0,20,85470085.47008547,85069387.8125,0.99531183740625,"[0.9811402526249998, 1.004223094875]",0.025328471355009465,0.9037213935820304,1.1037123127836106,1.0,"[1.017640026, 1.004223094875, 0.9801028209375, 1.0077399759375, 0.986538223125, 1.0059084140625, 0.9758805176249999, 1.058189959125, 0.9513681035625001, 0.9467820984374999, 0.976151343375, 1.01001177225, 0.9677741653124998, 0.9811402526249998, 0.9895243190624999, 0.999085712625, 0.9915379621875, 1.00165931775, 1.00396913175, 1.02250936125]"
DCH1,20,35211267.6056338,34973584.68417508,0.9932498050305723,"[0.9805730941109712, 1.0057498793737083]",0.02839494145261961,0.8911784962309969,1.1214553574696209,1.0,"[1.0219901476086248, 1.0056499301749617, 0.9787782576821275, 1.0094528836884764, 0.9892493505950227, 1.0057498793737083, 0.9762023863983644, 1.0643676492863277, 0.9453904814049371, 0.9424439322957487, 0.9736111646764921, 1.0104175666351778, 0.96684478535103, 0.9760388137020751, 0.9849438018235779, 0.9972502594661219, 0.9865638778228759, 1.0031962174819717, 1.0067135670897747, 1.0306238607640645]"
T1,20,66225165.56291391,65706755.625,0.9921720099375,"[0.982652734, 1.00509892175]",0.025701761135781653,0.8998831067737335,1.1089798184222492,1.0,"[1.019833162, 1.00509892175, 0.9779523210625001, 1.0065416229375, 0.9898659662500001, 1.0047122390625, 0.979587566125, 1.055484167625, 0.9505195045937501, 0.9436946301875, 0.9769257098124999, 1.0105093272499999, 0.9680758640624999, 0.9772621283749998, 0.9873531469375, 0.994478053625, 0.9893623718124999, 1.00292203025, 1.008208823375, 1.02471299125]"
DCH2,20,28409090.90909091,28222636.390937574,0.9934368009610026,"[0.9809426705675488, 1.006953998620449]",0.028680120482631074,0.8903527332481822,1.1226174134291351,1.0,"[1.0217079021553281, 1.0056303231077763, 0.9783985739473786, 1.009250928373903, 0.9900861961675116, 1.006953998620449, 0.9758083645531456, 1.064998875738996, 0.944512986670808, 0.9414040134942331, 0.9730186269907708, 1.0108268337210018, 0.9668180578893398, 0.9777941243457289, 0.9840912167893687, 0.9967874057544936, 0.9844005934669872, 1.002032165216167, 1.0073307475858393, 1.030292658593095]"
T2,20,54054054.05405405,53816971.25,0.9956139681250001,"[0.9806743740624999, 1.004573425625]",0.02623127646404179,0.897472434838931,1.112337192351174,1.0,"[1.021241255, 1.004573425625, 0.9784149285937502, 1.006866176875, 0.9928809515625002, 1.00273107421875, 0.9754171365625001, 1.0590793628125001, 0.9489742945312502, 0.94659535640625, 0.9750772221875, 1.010223233125, 0.9697729195312499, 0.9806743740624999, 0.9831496567187501, 0.9983469846875, 0.9851503276562499, 1.002151775625, 1.0074345084375, 1.0261278218749998]"
DCH3,20,23809523.809523813,23661011.455127463,0.9937624811153534,"[0.9784770677222622, 1.0069944973705014]",0.028796783142145253,0.8897952268790615,1.1234045503445504,1.0,"[1.0223230996625838, 1.0050976990956824, 0.9784211046413471, 1.0101962258451662, 0.9908507274723077, 1.0074143365990802, 0.9762437360885503, 1.0661358376615266, 0.9452402158739645, 0.9411421933182753, 0.9723367600782407, 1.0108776660163972, 0.9666205399865508, 0.9784770677222622, 0.9833896359859446, 0.9966742347583989, 0.9839825191847462, 1.0010265979321271, 1.0069944973705014, 1.029562038638406]"
T3,20,45662100.456621006,45306388.75,0.992209913625,"[0.9791492326875, 1.0063301576249999]",0.027105779642882494,0.895817790992296,1.1146639591734204,1.0,"[1.017901707, 1.0056119060625, 0.97751471934375, 1.0087510862812499, 0.9890527959375, 1.00691768671875, 0.9791492326875, 1.0616849398125, 0.9486323218125001, 0.9433460450625, 0.97101804328125, 1.0106461548749999, 0.9663033839062498, 0.9789115903124999, 0.9869113386562499, 0.9953670313124999, 0.9833794982812499, 1.00105321575, 1.0063301576249999, 1.02551431125]"
DCH4,20,17985611.51079137,17851832.66445376,0.992561896143629,"[0.9805799922909578, 1.0054691685725725]",0.029153365655169006,0.8890903204254895,1.1244027979826168,1.0,"[1.0218486862322704, 1.0054328725883972, 0.978392236811537, 1.0093270699595476, 0.9898823998249233, 1.0054691685725725, 0.9746732901209335, 1.067644690258538, 0.944171733618699, 0.9406869325646523, 0.9730361691806974, 1.0117863699404126, 0.9677545266736531, 0.9787330025618524, 0.9824440203075792, 0.9952413924623347, 0.9835236542182086, 1.0018025422467165, 1.005772418859045, 1.0311116378681002]"
T4,20,34843205.57491289,34542987.500000075,0.9913837412500021,"[0.980519081203515, 1.0054882127500349]",0.027595658740015707,0.8936936081857182,1.117678026464391,1.0,"[1.0192474950000001, 1.0030553257035455, 0.9784190962339513, 1.0090922840151932, 0.9885732339535462, 1.003682199483935, 0.9752626762035411, 1.06178097870354, 0.9475346316090135, 0.9408893498910694, 0.9726125720160539, 1.0114878520785737, 0.969299420108977, 0.980519081203515, 0.982993971891003, 0.9941942485464579, 0.984994326015993, 1.0026358154214987, 1.0079210997965242, 1.0289157477035422]"
DCH5,20,14450867.052023122,14358743.745338213,0.9936250671774043,"[0.9796524199771522, 1.005026497349157]",0.029091961659905397,0.8886630314136523,1.1250095364251969,1.0,"[1.0230411390122547, 1.005026497349157, 0.9776457223440678, 1.0099933824587468, 0.9903181411639963, 1.0040070776168684, 0.9745291756256206, 1.067355612249016, 0.9441516205553581, 0.9409763172735032, 0.972896227729634, 1.0115534743816832, 0.9677050408575943, 0.9796264190222338, 0.982025258971983, 0.9969319931908124, 0.984778401271307, 1.0017883050764045, 1.0058577533195545, 1.030558230410365]"
T5,20,28169014.08450704,28034886.25,0.9952384618750001,"[0.9811465482812499, 1.003822716875]",0.027935686737447986,0.8923882136411234,1.1195455518560644,1.0,"[1.0211270291607686, 1.003822716875, 0.9786962439843752, 1.008145668359375, 0.9925994695312502, 1.003364465488894, 0.97588677953125, 1.0650609157812503, 0.9457234427544219, 0.9421031731048511, 0.9732349794531251, 1.0090104428125, 0.9691339048236585, 0.9811465482812499, 0.9836230227343751, 0.9978774542187501, 0.985624656953125, 1.0018676653125, 1.0063978572856584, 1.0289762640625]"
DCH6,20,12077294.68599034,11999591.962808749,0.9935662145205644,"[0.9778308246065062, 1.0037119620160717]",0.02917069617950826,0.8883763382876557,1.1254173274350157,1.0,"[1.0228366789788839, 1.0037119620160717, 0.9767893546828678, 1.00970218900745, 0.9903952366841705, 1.0036327322913625, 0.9752366622834988, 1.0681668862322076, 0.9436252231093578, 0.941712574821352, 0.9731335783799246, 1.0120259899665107, 0.9681258442690823, 0.9788722945301445, 0.9813225794835626, 0.9967371923569581, 0.9843883959209904, 1.0026261509547436, 1.0053007160522647, 1.0307884199502473]"
T6,20,23640661.938534282,23498002.71875,0.9939655150031249,"[0.9778765844249997, 1.0046640058874998]",0.0284488669315134,0.8915046897389873,1.1208162012449925,1.0,"[1.0215203813999998, 1.0027517057320563, 0.9752416909874999, 1.009054419384375, 0.9901074152812499, 1.00247688703125, 0.9768724035749998, 1.0659503194758149, 0.9450758055375, 0.9431630378718748, 0.9742179252374998, 1.0123403296499998, 0.9688376534062497, 0.9778765844249997, 0.9803448052874999, 0.9978236147249999, 0.9866201160374999, 1.00202297895, 1.007305032825, 1.0302921817429382]"
DCH7,20,10373443.98340249,10303100.836067429,0.9932189205969,"[0.979188378545801, 1.0037265848343888]",0.02916487938687539,0.8881706518553206,1.125710239405332,1.0,"[1.0227509638686243, 1.0037265848343888, 0.9755004643031109, 1.009530363730165, 0.9900783617110128, 1.003333199780669, 0.9756285976487307, 1.0682022101301905, 0.9436349505550573, 0.9417210036710254, 0.9725310137063723, 1.0121074864686863, 0.9680069009890715, 0.979188378545801, 0.9810090223361009, 0.9963594794827872, 0.9844912282450817, 1.002275918793904, 1.0054737253825794, 1.0300897351453553]"
T7,20,20366598.778004076,20235605.760500066,0.9935682428405532,"[0.9801060861500901, 1.0031467930749998]",0.02845732848334369,0.8908669783111833,1.1217366969191407,1.0,"[1.0223764520999998, 1.0029961031373573, 0.9750662335282732, 1.0076201406374998, 0.9899764740186066, 1.0013023096435736, 0.9766966527313844, 1.0650901450186172, 0.9431903115187082, 0.9425766678937498, 0.9732249876281248, 1.01058561902481, 0.9684265888593747, 0.9801060861500901, 0.9813403466063193, 0.9971600116624999, 0.9845794459875524, 1.0031467930749998, 1.0044874573312266, 1.0303422642499998]"
