,chip,item,f,n,lnf_mean,sd_ln,temp
0,sim00,CLK2,5000475.24,27,15.42501986215042,0.00020389452511083463,22.96
1,sim00,DCH0,47518296.74,3,17.67665205536277,0.00010263969545962997,22.76
2,sim00,DCH1,36098194.946,3,17.401746749286573,0.0001101615040101425,22.96
3,sim00,DCH2,29116636.581,3,17.186906905863665,0.0002801860243129649,23.05
4,sim00,DCH3,24417207.871,3,17.010832010520982,7.570868084878512e-05,22.74
5,sim00,DCH4,18436094.107,3,16.729807600408588,8.083900998373269e-05,23.17
6,sim00,DCH5,14830101.405,3,16.512002889753177,0.0003239142413104632,22.87
7,sim00,DCH6,12391762.286,3,16.332569116963654,0.00028092646522173594,23.01
8,sim00,DCH7,10642654.916,3,16.180407199081298,8.326958923103342e-05,22.78
9,sim00,FO4,89212781.15,3,18.306468156879912,0.00022757989487311032,23.12
10,sim00,NAND,150276608.539,3,18.827968129607214,0.0004705049164240883,22.89
11,sim00,NOR,126235718.581,3,18.65364562031418,4.958131981871135e-05,22.93
12,sim00,R00,205499383.477,3,19.14090024764823,0.00014744118383350967,23.07
13,sim00,R01,208951107.397,3,19.157570833728354,0.00020298368751351073,22.88
14,sim00,R02,204381930.185,3,19.135581364448186,0.0002126229868202405,22.8
15,sim00,R03,207055900.621,3,19.148539358350437,0.00010581463317900692,23.07
16,sim00,R04,205051292.573,3,19.13899070393479,0.0005821925943885716,22.95
17,sim00,R05,202692619.627,3,19.127387862171048,0.0003764853383027633,22.49
18,sim00,R06,205006195.787,3,19.138483576152513,0.0002487053665635529,22.43
19,sim00,R07,203538273.616,3,19.13143129336464,0.00015145467323075422,22.61
20,sim00,R08,202108508.015,3,19.124308497917827,9.170282833712088e-05,22.88
21,sim00,R09,203464270.79,3,19.13108310887956,0.00021732993561412455,22.62
22,sim00,R10,205260780.287,3,19.13984513094446,0.00038290681054639256,23.1
23,sim00,R11,204173913.043,3,19.134455626980046,0.0003253502490645131,23.16
24,sim00,R12,204948707.427,3,19.13846377603712,0.0003703343775659297,23.39
25,sim00,R13,202741281.427,3,19.12740124190808,8.719050607231334e-05,22.88
26,sim00,R14,206435357.29,3,19.145437844978506,0.00015883062216094846,23.08
27,sim00,R15,201421009.772,3,19.121042575664735,0.00030605999484964734,22.47
28,sim01,CLK2,4999896.0,27,15.424957579414627,0.00025259126324369386,25.57
29,sim01,DCH0,46495861.62,3,17.654773819356603,0.00034125245089826377,25.67
30,sim01,DCH1,35376777.754,3,17.381472740239847,0.0005065930463678072,25.64
31,sim01,DCH2,28542071.013,3,17.16702302266608,0.0003213855623560309,25.6
32,sim01,DCH3,23908304.25,3,16.989509711763812,0.000392661022974821,25.6
33,sim01,DCH4,18066252.438,3,16.709469560172636,0.00033840318240477524,25.25
34,sim01,DCH5,14509792.543,3,16.490240972328618,0.00031069722232150774,25.89
35,sim01,DCH6,12110680.552,3,16.30973159205961,0.00030278007169722547,25.51
36,sim01,DCH7,10402271.356,3,16.157508072037302,0.0001418673163815207,25.36
37,sim01,FO4,87629227.265,3,18.288505128032025,0.0003174892609534731,25.49
38,sim01,NAND,149369584.703,3,18.821900881286695,0.000152779590605884,25.68
39,sim01,NOR,125046310.128,3,18.64426636953257,0.00021234162596129696,25.55
40,sim01,R00,200575452.716,3,19.116794666577785,0.00019790751990137303,25.75
41,sim01,R01,200100040.016,3,19.11418798413094,0.00024251379185736023,25.71
42,sim01,R02,202519238.558,3,19.126232089151028,0.00025010189365467627,25.93
43,sim01,R03,200036000.0,3,19.113914576713654,0.0001792513411725109,25.68
44,sim01,R04,205073831.009,3,19.138960607394786,0.00023063446940469089,25.74
45,sim01,R05,200497193.264,3,19.116197451191635,0.0002686042183426132,26.04
46,sim01,R06,202198782.961,3,19.12480196899322,8.744874798157542e-05,25.52
47,sim01,R07,199838579.5,3,19.112959883208465,0.0002975051389237578,25.69
48,sim01,R08,201114688.129,3,19.119405887865813,0.0001908689922555688,25.63
49,sim01,R09,199847939.176,3,19.11312734737932,0.0003938622700100663,25.43
50,sim01,R10,201855002.025,3,19.12306685641376,0.0002308176128015473,25.28
51,sim01,R11,198692000.0,3,19.107299987174986,0.00017355867550568476,26.0
52,sim01,R12,201792452.83,3,19.122858633832198,0.00031896621035053507,25.37
53,sim01,R13,197999198.075,3,19.103597982513744,0.000321768723268711,25.88
54,sim01,R14,202778904.665,3,19.12768011693809,0.00032338334688848897,25.76
55,sim01,R15,201707021.792,3,19.122340088526002,0.0004402909493748754,25.52
56,sim02,CLK2,5000423.813,27,15.425011132296651,0.0002818205662228387,25.08
57,sim02,DCH0,45299021.385,3,17.62876931523599,4.6197265714512444e-05,25.09
58,sim02,DCH1,34456012.135,3,17.35531403027029,0.000491266314086187,24.94
59,sim02,DCH2,27788953.101,3,17.140122466288712,4.618155283462803e-05,25.08
60,sim02,DCH3,23290325.586,3,16.96352195407052,6.429122907293057e-05,25.44
61,sim02,DCH4,17592892.329,3,16.682992161223705,0.0003402107725397706,25.13
62,sim02,DCH5,14124544.401,3,16.463537867754642,0.000421579214771705,25.13
63,sim02,DCH6,11794230.724,3,16.28305435739141,0.00028590013869761243,25.23
64,sim02,DCH7,10116947.232,3,16.12978916395345,0.0002274149967176355,25.16
65,sim02,FO4,82981407.703,3,18.234180477755828,0.0001101686038947139,25.12
66,sim02,NAND,142807769.209,3,18.77698332127506,0.00026105142418016283,25.21
67,sim02,NOR,123624678.663,3,18.632676020151703,0.0001467540043242264,25.39
68,sim02,R00,194329576.37,3,19.085006106685043,0.0002163507212591559,25.27
69,sim02,R01,191752817.723,3,19.071596051940016,0.0002650944389062683,25.07
70,sim02,R02,193591741.332,3,19.081141220203026,0.0005731757484628377,25.25
71,sim02,R03,194457409.568,3,19.08576372470137,6.928480416213197e-05,24.98
72,sim02,R04,192895857.53,3,19.077828192917277,0.0003798217005752414,25.31
73,sim02,R05,191799844.841,3,19.07197638735627,0.0001420459537704498,25.34
74,sim02,R06,192792056.075,3,19.07701497252755,0.00031707009185065753,25.11
75,sim02,R07,192688880.279,3,19.076661145771883,0.0001276848519066352,25.23
76,sim02,R08,193975903.614,3,19.083304602577293,0.00012186314173960219,25.1
77,sim02,R09,194383987.563,3,19.08509938374864,0.0004623495770513823,25.19
78,sim02,R10,194795481.106,3,19.087447384768154,0.0003201901276590893,25.31
79,sim02,R11,193411124.076,3,19.08030853972969,0.00015183401406835883,25.19
80,sim02,R12,193612078.978,3,19.08125378727465,0.00023179942482948418,24.98
81,sim02,R13,193894491.854,3,19.082818043793907,3.0559410918622036e-05,24.94
82,sim02,R14,194645638.629,3,19.08678456955,0.00019734537803619325,25.34
83,sim02,R15,193700116.234,3,19.081981698456843,0.0003304106718014269,25.1
84,sim03,CLK2,4999532.404,27,15.424880771995324,0.0002980760090349554,23.94
85,sim03,DCH0,46751145.609,3,17.660382628862596,0.0002914688045528742,23.93
86,sim03,DCH1,35592966.97,3,17.387585277749512,0.00014469718991272284,24.23
87,sim03,DCH2,28711307.644,3,17.172794906021885,0.0002700918761761049,24.14
88,sim03,DCH3,24085348.232,3,16.9970408603474,0.0004544625436269866,23.89
89,sim03,DCH4,18178314.304,3,16.715713246139842,0.00010264899112241442,23.85
90,sim03,DCH5,14615339.647,3,16.497442162444923,0.0002960267248974337,24.3
91,sim03,DCH6,12211230.796,3,16.31793325009047,0.00044377373316092293,24.07
92,sim03,DCH7,10486699.673,3,16.165604974365802,0.00010069093837503773,24.4
93,sim03,FO4,88305653.71,3,18.296394704216684,0.00021171273263847576,24.27
94,sim03,NAND,151347668.08,3,18.835150210456632,0.00010396567329441112,23.82
95,sim03,NOR,122777104.785,3,18.625872884859746,0.00013585382168985574,24.22
96,sim03,R00,201991114.701,3,19.123754250243426,0.00019073160822886118,24.08
97,sim03,R01,202028340.081,3,19.123931902071842,4.171498515886878e-05,24.1
98,sim03,R02,201158886.159,3,19.119558101609254,0.00029805451223662466,24.18
99,sim03,R03,202282476.73,3,19.125102307683587,0.00018155520403966276,24.01
100,sim03,R04,202638832.59,3,19.126809076809025,0.00029154511681018765,24.0
101,sim03,R05,201268115.942,3,19.120008437761772,0.0002779373659090859,24.25
102,sim03,R06,200604594.921,3,19.11685303383388,9.0600703346457e-05,24.04
103,sim03,R07,201719128.329,3,19.122626799186165,0.0004685715289167044,23.97
104,sim03,R08,200137318.255,3,19.1144470034611,0.00015281703204815246,24.14
105,sim03,R09,202356275.304,3,19.12574043973812,0.0003995187185350111,23.96
106,sim03,R10,204664209.664,3,19.136954534939356,0.0002386779274063888,24.13
107,sim03,R11,199773371.105,3,19.112721146002034,6.511647338195368e-05,24.44
108,sim03,R12,197073368.464,3,19.099203178118547,0.0002198930161717127,24.31
109,sim03,R13,199573268.921,3,19.111597803661088,0.0003721927318092993,24.13
110,sim03,R14,201491334.139,3,19.12128359233719,0.0001815033442904282,24.03
111,sim03,R15,199499596.449,3,19.11113384145931,0.0005897025565314934,23.97
112,sim04,CLK2,4999651.883,27,15.424919797833441,0.0002813974957275436,25.59
113,sim04,DCH0,45790582.631,3,17.639682324785692,0.00034952532136311683,25.88
114,sim04,DCH1,34804010.304,3,17.365263180001435,5.2924934673816626e-05,25.87
115,sim04,DCH2,28104262.738,3,17.15151184071517,0.0002307359882658121,25.84
116,sim04,DCH3,23572236.892,3,16.9756401718667,0.00017777457517007637,25.35
117,sim04,DCH4,17788964.389,3,16.694068836095543,0.00017087577111622943,25.56
118,sim04,DCH5,14299158.991,3,16.47572460751892,0.00018041269887666134,25.53
119,sim04,DCH6,11951435.195,3,16.29628192540465,0.0001743572264446612,25.23
120,sim04,DCH7,10262056.228,3,16.143997110050787,0.00015272242009036207,25.75
121,sim04,FO4,83279480.346,3,18.237692738480156,0.00011135690815702034,25.4
122,sim04,NAND,141625601.813,3,18.7684907601443,0.0005784938352455466,25.49
123,sim04,NOR,123741149.816,3,18.633771055625164,0.0003596543068309472,26.02
124,sim04,R00,199991996.799,3,19.113861257241243,0.00020039699144803346,25.5
125,sim04,R01,198499404.526,3,19.106289989083642,9.018243857532054e-05,25.21
126,sim04,R02,199357798.165,3,19.110771720173194,0.0004996759824522822,25.56
127,sim04,R03,195840568.272,3,19.092925541657227,0.0005429672404388789,25.37
128,sim04,R04,196113725.49,3,19.094211944818557,7.022423692033992e-05,25.95
129,sim04,R05,196610302.792,3,19.096660811206966,0.00023864600530490814,25.71
130,sim04,R06,195021442.495,3,19.08863338294735,0.0002201964069340227,25.42
131,sim04,R07,196385068.762,3,19.095441120242118,0.00045826230543656636,25.54
132,sim04,R08,196074429.772,3,19.0938619917743,0.0002835882416516709,25.49
133,sim04,R09,196085748.313,3,19.09400186825356,0.00014173149498559765,25.71
134,sim04,R10,197782209.813,3,19.10257616828508,0.00024786667048270946,25.09
135,sim04,R11,197233622.731,3,19.099912786500187,0.0003403310396955187,25.41
136,sim04,R12,192701960.784,3,19.076580673756037,0.00020386833148814852,25.35
137,sim04,R13,196445143.531,3,19.09591378510771,0.00021089130924354223,25.45
138,sim04,R14,193360623.782,3,19.079993554501264,0.0003190500691667576,25.82
139,sim04,R15,194212180.747,3,19.08438760514895,0.0003598848825395225,25.46
140,sim05,CLK2,5000000.0,27,15.424992955754142,0.00027273477724755094,22.88
141,sim05,DCH0,46729295.195,3,17.659788462061968,0.0002157871196556,22.49
142,sim05,DCH1,35526970.365,3,17.385776017244833,0.0001222320611703389,22.69
143,sim05,DCH2,28698122.955,3,17.172402269995825,0.00017776390262891126,23.08
144,sim05,DCH3,24062755.667,3,16.996029073718233,0.00036303752654842875,22.73
145,sim05,DCH4,18141804.855,3,16.713809480246336,0.00021164498343210247,23.24
146,sim05,DCH5,14555167.394,3,16.49357658417198,0.0003938985380734129,22.79
147,sim05,DCH6,12159928.035,3,16.313556526757512,0.000208776456695691,22.82
148,sim05,DCH7,10441302.396,3,16.161199804192137,0.0004455361717220872,22.65
149,sim05,FO4,86583549.784,3,18.276600395643612,0.00011135467774831386,22.96
150,sim05,NAND,145177119.628,3,18.793378380880238,0.00022304581962432604,23.05
151,sim05,NOR,126274680.604,3,18.654008400282823,0.0002436947062692335,23.05
152,sim05,R00,197773752.013,3,19.102641035552114,0.00023415812814940232,22.84
153,sim05,R01,199979991.997,3,19.11374119320227,0.00028037165258614264,22.67
154,sim05,R02,202021924.482,3,19.123799682925327,0.00018676107346823139,23.39
155,sim05,R03,202417004.049,3,19.1258071637474,0.00011373802935530409,22.95
156,sim05,R04,200266451.352,3,19.115246634124293,0.00018728148865575767,22.91
157,sim05,R05,199907481.899,3,19.113566381475696,0.0003659744188093016,22.84
158,sim05,R06,200016006.403,3,19.11378787407193,0.0003176544394353888,23.01
159,sim05,R07,201943434.343,3,19.123444829066724,0.00011020253932445673,22.58
160,sim05,R08,201276167.472,3,19.12016181691423,0.00012221493731263896,22.4
161,sim05,R09,199059623.85,3,19.109027797260026,0.0003598456019413862,22.9
162,sim05,R10,203012586.277,3,19.12860511067803,0.0005030495176723761,22.8
163,sim05,R11,198979757.085,3,19.108767843224346,0.00045004465190047455,22.91
164,sim05,R12,201808639.483,3,19.122830450927534,0.0002800672251060422,22.74
165,sim05,R13,201082059.533,3,19.119270290088412,0.0002730459944704741,22.9
166,sim05,R14,199099639.856,3,19.109516871107928,0.00040134089242237214,22.98
167,sim05,R15,201753535.354,3,19.12257071662979,0.0002605942009940881,22.81
168,sim06,CLK2,5000000.0,27,15.424974360413584,0.0003606082164624498,26.2
169,sim06,DCH0,45133622.246,3,17.625171366201055,0.00011374117019082455,26.5
170,sim06,DCH1,34307966.788,3,17.350901484894546,8.083202159066422e-05,25.98
171,sim06,DCH2,27669118.867,3,17.135854155992583,0.00012214026466072294,26.57
172,sim06,DCH3,23199703.044,3,16.959543296971756,0.00044967435938447374,26.12
173,sim06,DCH4,17496763.811,3,16.677586473301577,0.0001586945036384788,26.38
174,sim06,DCH5,14056014.847,3,16.458547625789226,8.085353205241689e-05,26.74
175,sim06,DCH6,11755825.711,3,16.279906148805136,9.866222708731363e-05,26.35
176,sim06,DCH7,10101385.467,3,16.128029783820583,0.0004500078300721791,26.28
177,sim06,FO4,86252587.992,3,18.272737248979944,0.000283855474082909,26.48
178,sim06,NAND,143147193.585,3,18.77932394544938,0.0002554355119772629,26.03
179,sim06,NOR,122760595.647,3,18.625754410107337,0.00012847568823774123,26.46
180,sim06,R00,191393728.223,3,19.069823028159863,0.00019296737649101536,26.43
181,sim06,R01,193683598.294,3,19.081816506479367,0.0002308468339683562,26.19
182,sim06,R02,192867791.291,3,19.077427333163342,0.00018902553208680718,26.57
183,sim06,R03,195807210.031,3,19.092621097689676,5.2948535924926014e-05,26.68
184,sim06,R04,193038371.182,3,19.07838601805039,6.19674925650804e-05,26.2
185,sim06,R05,195989807.918,3,19.093626547691358,9.237419613040937e-05,25.88
186,sim06,R06,194093750.0,3,19.083825010911877,8.379324849476357e-05,26.27
187,sim06,R07,196076801.267,3,19.094111181441836,0.0002365711000196047,26.4
188,sim06,R08,193538521.099,3,19.08096710132688,0.00025065315612089994,26.78
189,sim06,R09,193757270.26,3,19.082076719392916,0.00012498331346122313,26.27
190,sim06,R10,196143585.72,3,19.094377528459074,7.211290980671101e-05,26.14
191,sim06,R11,193448275.862,3,19.080459943271066,0.0001995191981856676,26.14
192,sim06,R12,195763508.222,3,19.09231787443589,0.00020884744209757316,26.22
193,sim06,R13,194096432.771,3,19.083778134314176,0.00020632170654565435,26.0
194,sim06,R14,195257812.5,3,19.08991803435558,0.00018585794592419693,25.98
195,sim06,R15,197866191.607,3,19.10316824037621,0.0001701441243443235,26.37
196,sim07,CLK2,5000000.0,27,15.424941815347607,0.00030513682554727536,26.44
197,sim07,DCH0,49167977.97,3,17.71082637335977,0.0004940950270831384,26.21
198,sim07,DCH1,37397516.457,3,17.437234850488093,0.0002078377852813413,26.1
199,sim07,DCH2,30190890.419,3,17.223137484628246,0.00018588768834579817,26.52
200,sim07,DCH3,25329854.074,3,17.047534265757648,6.929033099482723e-05,26.62
201,sim07,DCH4,19161141.981,3,16.768334911936254,0.00023581588458404193,26.35
202,sim07,DCH5,15391199.926,3,16.549426467346496,0.0002986889476320429,26.03
203,sim07,DCH6,12872953.773,3,16.370672363980162,0.0002515761403945248,26.35
204,sim07,DCH7,11057218.057,3,16.218740618341368,0.00038171203684742386,26.85
205,sim07,FO4,92742115.028,3,18.345366537514206,0.00037119194412720083,25.9
206,sim07,NAND,158998091.603,3,18.884362745479553,8.720271783798504e-05,26.68
207,sim07,NOR,132942111.959,3,18.705432316824254,6.0209504162888126e-05,26.73
208,sim07,R00,213087794.433,3,19.17727510097016,0.0001786177047822791,26.27
209,sim07,R01,211401028.278,3,19.16915936463128,0.0003181498719283083,26.27
210,sim07,R02,212308022.308,3,19.17357565448705,4.666305098942954e-05,26.22
211,sim07,R03,211553110.453,3,19.169986636044143,8.001600403956842e-05,26.52
212,sim07,R04,213277777.778,3,19.17821952026094,0.00019663139873169386,26.42
213,sim07,R05,214879621.668,3,19.18550180717053,0.0002420633121455239,26.59
214,sim07,R06,213037920.75,3,19.17706735972856,0.00035790426462520026,26.39
215,sim07,R07,211065365.025,3,19.16758453900984,0.00035145037993620777,26.61
216,sim07,R08,214059957.173,3,19.181900050253898,0.0002845244488021156,26.53
217,sim07,R09,214228791.774,3,19.182508453322974,8.08330794208176e-05,26.83
218,sim07,R10,214500214.5,3,19.18381462559888,0.0001101526964066779,26.55
219,sim07,R11,211218789.674,3,19.168531924436163,0.00031054261932984644,26.52
220,sim07,R12,213700854.701,3,19.179987683482096,0.0003605728947514546,26.24
221,sim07,R13,214935511.608,3,19.18588192408801,0.00015276212618223195,26.04
222,sim07,R14,212130379.207,3,19.17282543057007,0.0002510908948001559,26.55
223,sim07,R15,212151952.462,3,19.17276664590826,9.869850384259594e-05,26.4
224,sim08,CLK2,5000000.0,27,15.424917311323556,0.00030123109311449897,33.81
225,sim08,DCH0,43276488.92,3,17.58307338397064,0.0001361668148830232,33.74
226,sim08,DCH1,32853012.682,3,17.307567329073834,0.00020033240119115075,33.99
227,sim08,DCH2,26481805.18,3,17.091988379825114,0.0004903379449944534,33.54
228,sim08,DCH3,22211363.333,3,16.916167844422876,0.00044237658547332127,33.99
229,sim08,DCH4,16759402.025,3,16.6345499640743,0.00013854742283812588,33.89
230,sim08,DCH5,13465359.864,3,16.41571763091873,0.00028014683968735,34.03
231,sim08,DCH6,11247383.937,3,16.23570613230105,0.0001778172646048982,33.89
232,sim08,DCH7,9660715.666,3,16.083664942485,0.0001677073842541218,33.78
233,sim08,FO4,80437721.275,3,18.203260422355484,0.0005146689262224328,33.66
234,sim08,NAND,137394888.706,3,18.738403049957977,0.0002516566488435044,33.79
235,sim08,NOR,115526243.473,3,18.565079629420925,0.000144673694915076,34.18
236,sim08,R00,184338781.575,3,19.032386562012306,0.00022884049851624395,33.84
237,sim08,R01,183391530.461,3,19.02714742596318,0.0002028887902540237,33.96
238,sim08,R02,186985018.727,3,19.046525699536176,0.000120738185434143,33.5
239,sim08,R03,186101190.476,3,19.041641153617885,0.000294549067930337,33.92
240,sim08,R04,184042473.92,3,19.03073109112823,0.0002275193681781373,33.64
241,sim08,R05,188563348.416,3,19.05478449411237,0.0005189116392265257,33.74
242,sim08,R06,185234697.709,3,19.037127432780412,0.0002737440431863933,33.83
243,sim08,R07,184301511.242,3,19.032210253786943,0.00027294755990116406,34.05
244,sim08,R08,185690936.107,3,19.03965422186627,0.00014002006239404306,34.09
245,sim08,R09,185687221.397,3,19.03951417164472,0.0002554355135770562,33.81
246,sim08,R10,187232209.738,3,19.047880170238365,5.292281354943793e-05,34.15
247,sim08,R11,183511904.762,3,19.027742787645003,0.00015747793631414825,33.73
248,sim08,R12,186255588.674,3,19.042510362514914,0.0002987758808365167,34.19
249,sim08,R13,186926847.662,3,19.04622790917559,2.017227085316715e-05,34.16
250,sim08,R14,187679309.05,3,19.05035861179961,0.00026864011245211945,33.57
251,sim08,R15,182779211.205,3,19.02381637339694,4.656989462609734e-05,33.88
252,sim09,CLK2,5000000.0,27,15.424966597402822,0.00028432332614902734,22.3
253,sim09,DCH0,43863835.761,3,17.59664074724459,0.00014422383034491147,22.31
254,sim09,DCH1,33319338.931,3,17.32164186553767,9.018784880093138e-05,22.34
255,sim09,DCH2,26852985.395,3,17.10583423357448,0.00011013642823756617,22.54
256,sim09,DCH3,22499100.072,3,16.928832488427066,0.0003557888877739614,22.31
257,sim09,DCH4,16987501.698,3,16.64780836186951,0.00061021128902686,22.18
258,sim09,DCH5,13653116.383,3,16.4294383406657,0.00028209787184276685,22.45
259,sim09,DCH6,11419503.619,3,16.25084657146871,0.0004000453287281252,22.21
260,sim09,DCH7,9808541.107,3,16.098804077457228,0.0002821094980757708,22.08
261,sim09,FO4,81691176.471,3,18.218629853010466,0.00033540333599139965,22.07
262,sim09,NAND,138265560.166,3,18.74471341336287,0.00012223799297835295,22.41
263,sim09,NOR,117275242.047,3,18.57998704609295,0.00010282406844491448,22.22
264,sim09,R00,188050555.343,3,19.051990494635714,0.00039993296890752776,22.64
265,sim09,R01,190236370.568,3,19.06381799110365,6.941809153833985e-05,22.28
266,sim09,R02,188859085.757,3,19.056738337756784,0.00042763484938836247,22.49
267,sim09,R03,190293110.011,3,19.064036105672457,0.00018335227415878412,22.19
268,sim09,R04,191710122.699,3,19.071388288836477,0.00037174475853074524,22.25
269,sim09,R05,188122866.894,3,19.052693082571846,0.0005993638659145472,22.06
270,sim09,R06,187630688.229,3,19.049919335407196,0.00020864471857235544,22.67
271,sim09,R07,190258751.903,3,19.0638422010952,0.00024442638998662297,22.19
272,sim09,R08,191466870.931,3,19.070212009731993,0.00016044553009205353,22.45
273,sim09,R09,190594738.849,3,19.065619885545253,0.0004015814326130932,22.23
274,sim09,R10,188428409.52,3,19.054248736618476,0.00021122532769108883,22.22
275,sim09,R11,187449562.238,3,19.049094809896925,0.00020338774659649876,22.24
276,sim09,R12,187373466.258,3,19.048614317630868,0.00018417337112023148,22.69
277,sim09,R13,189563898.369,3,19.06028337213648,0.0002730514573261088,22.44
278,sim09,R14,187972922.151,3,19.051841791760165,0.00031143523367254533,22.39
279,sim09,R15,188242009.132,3,19.05320527197821,0.00019425071652436423,22.54
280,sim10,CLK2,5000000.0,27,15.424966348429988,0.0002978372868529888,24.53
281,sim10,DCH0,45163534.514,3,17.625793884717037,0.00015015186083860584,24.4
282,sim10,DCH1,34310131.796,3,17.350971226325488,0.0003305550862086134,24.49
283,sim10,DCH2,27665190.924,3,17.1355654599427,0.0003748426132868886,24.27
284,sim10,DCH3,23169816.565,3,16.95822099364817,0.00029592609270786874,24.64
285,sim10,DCH4,17514969.012,3,16.67836644602038,0.00043584566257333964,24.27
286,sim10,DCH5,14070696.837,3,16.459671612158388,0.00018902686396901275,24.53
287,sim10,DCH6,11762436.787,3,16.280394949016465,0.0004805007945987688,24.11
288,sim10,DCH7,10096750.086,3,16.127837489598033,0.00025008143615531914,24.59
289,sim10,FO4,84625930.941,3,18.25362456729589,0.00034784830320077384,24.46
290,sim10,NAND,146246342.891,3,18.800682952633952,0.00037487262544713966,24.59
291,sim10,NOR,118551784.669,3,18.590753398276437,0.0004901525325784137,24.35
292,sim10,R00,194659400.545,3,19.086521816082804,0.0005974654194810272,24.24
293,sim10,R01,195152224.824,3,19.089150395488655,0.00035166229809956357,24.68
294,sim10,R02,194244073.066,3,19.08461268725083,0.00016048726590126445,24.6
295,sim10,R03,196943784.64,3,19.09840203791001,0.00038264749073653085,24.38
296,sim10,R04,196699449.253,3,19.097234143487068,0.0001171780417740809,24.16
297,sim10,R05,193197674.419,3,19.079144175480252,0.00021234628990966678,24.18
298,sim10,R06,194306257.287,3,19.084906108084542,0.00012492081348080398,24.21
299,sim10,R07,193702556.158,3,19.081794321439528,0.00020293498175102338,24.42
300,sim10,R08,193110159.595,3,19.07878479594025,6.157992487415212e-05,24.49
301,sim10,R09,194117876.659,3,19.083808515498003,0.00039939705607327337,24.24
302,sim10,R10,192623396.813,3,19.076220617171103,0.00016309430590665344,24.61
303,sim10,R11,197885985.748,3,19.103214930051703,2.3100018602626095e-05,24.06
304,sim10,R12,193874901.652,3,19.082696613575582,0.00010412997149816286,24.66
305,sim10,R13,193759689.922,3,19.081875751878815,0.00045648327191341137,24.61
306,sim10,R14,192137582.588,3,19.073728991873608,1.1678387851188924e-05,24.4
307,sim10,R15,193330751.356,3,19.07995306293333,0.00024286862083387498,24.54
308,sim11,CLK2,5000000.0,27,15.424961308673565,0.0003070597373098969,21.78
309,sim11,DCH0,47044599.172,3,17.666719944628536,0.0001962696575281789,21.64
310,sim11,DCH1,35752915.087,3,17.3923557149496,0.0003869908152270475,21.74
311,sim11,DCH2,28857785.986,3,17.177930378989554,0.00020296792021563307,21.73
312,sim11,DCH3,24186789.257,3,17.001537150210506,0.00038106262909351284,21.71
313,sim11,DCH4,18287020.11,3,16.721648736946932,0.00028372492772910687,21.74
314,sim11,DCH5,14689657.198,3,16.502554119810764,0.0005567835024074886,21.77
315,sim11,DCH6,12282598.015,3,16.323594005920025,0.00019081728728195658,21.87
316,sim11,DCH7,10550632.911,3,16.171669723252716,0.0002609835577351128,21.66
317,sim11,FO4,87507439.174,3,18.287327676709804,0.00031069285952665097,21.65
318,sim11,NAND,149188059.701,3,18.82096488726393,0.0004623412537415176,21.9
319,sim11,NOR,126029850.746,3,18.65212387905228,0.0007857854418392717,21.34
320,sim11,R00,203748981.255,3,19.1323592747594,0.0003218919341999829,21.79
321,sim11,R01,202160721.607,3,19.12470869147291,0.0005400284720842533,21.93
322,sim11,R02,202085020.243,3,19.12419237834523,9.033962427502522e-05,21.73
323,sim11,R03,204219771.242,3,19.13453386762923,0.00035360481785978433,21.52
324,sim11,R04,203052717.613,3,19.129177334264806,0.0005513571657543754,21.97
325,sim11,R05,210462962.963,3,19.164720231352053,0.000264586853278681,21.42
326,sim11,R06,207173642.768,3,19.149001163000143,0.0001701471819098539,22.22
327,sim11,R07,201055419.723,3,19.119043850348152,0.00011876846595684212,21.74
328,sim11,R08,203431132.844,3,19.130924870774148,0.00024227986846957601,21.87
329,sim11,R09,204973349.733,3,19.138370521547944,9.166749048544156e-05,21.61
330,sim11,R10,202408906.883,3,19.125693798736084,0.0002386716762248462,21.31
331,sim11,R11,203149509.804,3,19.129379000952582,0.0003181902835845719,21.95
332,sim11,R12,204278708.623,3,19.134909122428947,0.00026112925732563256,22.03
333,sim11,R13,203190235.69,3,19.12969464011042,0.00012934597902407237,21.86
334,sim11,R14,203476999.586,3,19.13107710133252,0.00016335600176788843,21.62
335,sim11,R15,203740831.296,3,19.13239262843193,0.00021197108922665485,21.74
336,sim12,CLK2,5000000.0,27,15.424935482547372,0.00027395996907472037,28.68
337,sim12,DCH0,44492702.029,3,17.610855657190147,0.0004903673841805033,28.5
338,sim12,DCH1,33852142.712,3,17.337619488072576,0.000257104150627477,29.05
339,sim12,DCH2,27311769.206,3,17.123014923289695,0.0003946245772364322,28.87
340,sim12,DCH3,22885187.388,3,16.945980423565917,5.2905133281518264e-05,29.05
341,sim12,DCH4,17307652.373,3,16.666819231238446,0.00029450511440702625,28.74
342,sim12,DCH5,13905437.352,3,16.447823828500717,0.00011372526031963901,28.73
343,sim12,DCH6,11626506.024,3,16.2687646910172,0.00023187818631158997,28.7
344,sim12,DCH7,9985025.158,3,16.116617012464385,0.0002904543946604705,28.54
345,sim12,FO4,83217912.435,3,18.236833089930204,0.00037057195360452763,28.95
346,sim12,NAND,141717687.075,3,18.76935413363978,0.00039005380460727053,28.78
347,sim12,NOR,118812358.277,3,18.593047975009068,0.0004175543481357291,29.03
348,sim12,R00,194411993.769,3,19.085410006059988,0.00021200597747742818,28.6
349,sim12,R01,194087732.919,3,19.08364078318421,0.00032935177916171195,28.18
350,sim12,R02,192285935.684,3,19.074487348259424,0.00013110244983680986,29.06
351,sim12,R03,189411538.462,3,19.059290460085677,0.0003761566325662641,28.7
352,sim12,R04,193003861.004,3,19.078093997084544,0.00038609312958731175,28.75
353,sim12,R05,192300884.956,3,19.074511752525243,0.00031448927515250337,28.86
354,sim12,R06,194490272.374,3,19.085886009384176,0.00029015370846604524,29.18
355,sim12,R07,190202212.896,3,19.063645140482045,0.00013653072728356643,28.76
356,sim12,R08,194715732.087,3,19.086971262223376,0.00015621503335082286,28.9
357,sim12,R09,190108695.652,3,19.063160964012965,0.00033007199739353466,29.08
358,sim12,R10,193692367.299,3,19.081748365706414,0.00023185502139213364,28.79
359,sim12,R11,192250000.0,3,19.074453830885115,0.00032580250293522605,28.75
360,sim12,R12,191884169.884,3,19.07238233665983,0.00015191956161164018,28.94
361,sim12,R13,190211619.854,3,19.063661277656664,0.00014207468223968698,28.78
362,sim12,R14,190622568.093,3,19.0657923371194,8.249738842354187e-05,28.84
363,sim12,R15,190721098.817,3,19.06629600349062,0.00028103128542234244,28.77
364,sim13,CLK2,5000000.0,27,15.424972500489433,0.0002512962993711674,29.89
365,sim13,DCH0,44928552.17,3,17.620677391603376,0.0001616613131397583,29.76
366,sim13,DCH1,34118329.466,3,17.345345318714568,2.000119908480469e-05,29.92
367,sim13,DCH2,27576793.691,3,17.132405155787083,0.0002306588153257444,29.88
368,sim13,DCH3,23128122.109,3,16.95645981656912,0.00028357889617118364,29.87
369,sim13,DCH4,17475453.37,3,16.6761811318683,0.00021937774338078782,29.95
370,sim13,DCH5,14053788.219,3,16.458402538221677,9.998197520230972e-05,29.99
371,sim13,DCH6,11736394.797,3,16.278185226276648,0.00015103210887250262,29.88
372,sim13,DCH7,10083892.956,3,16.126376601378258,0.0002386221221990831,30.06
373,sim13,FO4,86313881.215,3,18.273587628365632,0.0003384252439906885,29.72
374,sim13,NAND,144675925.926,3,18.790053458447783,0.00019423523002485798,29.62
375,sim13,NOR,123451967.593,3,18.63149549225776,0.0002929962119109324,29.59
376,sim13,R00,195496481.626,3,19.09110625976834,0.00011012454757072394,29.76
377,sim13,R01,194558193.85,3,19.08614848914924,0.0001974155373814289,30.2
378,sim13,R02,195131734.172,3,19.089071209321993,0.0003277057004427322,29.97
379,sim13,R03,193603428.126,3,19.081275478262175,0.00017581373319449316,29.84
380,sim13,R04,194550078.247,3,19.086193456255774,1.1610514699712986e-05,29.93
381,sim13,R05,194106090.373,3,19.083928916875095,0.00010188471721743543,29.92
382,sim13,R06,193462282.398,3,19.080539765102,0.0003430860011837408,29.74
383,sim13,R07,194835423.197,3,19.087679153980044,0.0003018936407973411,29.96
384,sim13,R08,194300234.558,3,19.085015688940896,0.00028520149569356124,29.91
385,sim13,R09,193413779.681,3,19.080469825754978,0.00022072851303357843,29.5
386,sim13,R10,196574911.522,3,19.09650078239684,0.0002248661578474143,29.86
387,sim13,R11,194756525.127,3,19.08721405575571,0.00023357051241291687,29.97
388,sim13,R12,195575117.371,3,19.09142840925846,0.00020138255181891915,29.66
389,sim13,R13,196428290.766,3,19.09572794482897,0.00028853510798772925,30.14
390,sim13,R14,192483558.994,3,19.07544088191641,0.000270423169002781,29.72
391,sim13,R15,195952194.357,3,19.093447931773728,0.00011544234812560973,29.98
392,sim14,CLK2,4999768.143,27,15.424872590597618,0.00023803574444841065,31.57
393,sim14,DCH0,45231590.375,3,17.627292966910208,8.083251748324593e-05,31.25
394,sim14,DCH1,34342927.801,3,17.351986649269932,0.0002884454495265231,31.46
395,sim14,DCH2,27684513.593,3,17.136363731346258,0.00015099891614349042,31.52
396,sim14,DCH3,23185717.598,3,16.95906035735941,8.082717835931068e-05,31.76
397,sim14,DCH4,17497549.363,3,16.67754469867062,0.00022130757567931516,31.92
398,sim14,DCH5,14052732.179,3,16.458374062562967,0.00011719444063580739,31.72
399,sim14,DCH6,11736150.235,3,16.2780576790134,0.00032893093001557005,31.74
400,sim14,DCH7,10077206.846,3,16.12576001052314,4.6199119932564764e-05,31.63
401,sim14,FO4,84283546.864,3,18.249603874037117,0.0001973563027646468,31.27
402,sim14,NAND,143572659.391,3,18.782311735813384,0.00042152301331661656,31.39
403,sim14,NOR,121527857.553,3,18.615606797698852,0.00019344958815183108,31.5
404,sim14,R00,196896415.912,3,19.098255006328717,0.00017010669018220235,31.49
405,sim14,R01,193788290.035,3,19.082236787691613,0.00028227851974782985,31.58
406,sim14,R02,197913697.546,3,19.103314935584372,0.00022125003985209267,31.73
407,sim14,R03,194912280.702,3,19.088086825428007,0.00022122066808837385,31.74
408,sim14,R04,193961823.14,3,19.083104951924483,0.00015209261719526982,31.37
409,sim14,R05,194050781.25,3,19.083576752907565,0.00014839399531036435,31.43
410,sim14,R06,192960247.009,3,19.078074739874104,0.0002116492225184488,31.55
411,sim14,R07,196258343.149,3,19.095015750646162,0.0002774061880886097,31.59
412,sim14,R08,192457660.496,3,19.07537309871587,2.3630905004977733e-05,31.85
413,sim14,R09,193811554.866,3,19.082283470964025,0.0003063142134518619,31.84
414,sim14,R10,192743467.933,3,19.077014422486474,0.00026695291408186666,31.77
415,sim14,R11,192787524.366,3,19.076971127567916,0.00023960702855468861,31.78
416,sim14,R12,194709777.951,3,19.087127315661697,0.00046926700321804225,31.65
417,sim14,R13,195234375.0,3,19.08973798386973,0.00018153965906561443,31.15
418,sim14,R14,192450791.2,3,19.075404516957917,0.00016697254764238843,31.39
419,sim14,R15,195602669.808,3,19.091636104749814,0.00010620541324225096,31.52
420,sim15,CLK2,5000473.799,27,15.425000127092405,0.00039785823149452056,26.29
421,sim15,DCH0,46061359.867,3,17.64550497581166,7.211579467599596e-05,25.85
422,sim15,DCH1,35056077.387,3,17.372372839075123,0.00041678367149590646,26.25
423,sim15,DCH2,28270753.223,3,17.157351707481507,4.163739337714904e-05,26.18
424,sim15,DCH3,23690893.585,3,16.980894469178835,0.0005605563183466732,26.01
425,sim15,DCH4,17870271.043,3,16.698962323820282,0.0007043520599409268,26.1
426,sim15,DCH5,14382584.69,3,16.48155529262928,8.323963576413069e-05,26.09
427,sim15,DCH6,12017879.028,3,16.30180601574555,0.00022714735375196067,26.26
428,sim15,DCH7,10318498.947,3,16.149602155304034,0.00041197371545670933,25.89
429,sim15,FO4,85241990.457,3,18.26083807098951,0.00030611450617910744,25.6
430,sim15,NAND,146315481.416,3,18.80114230016839,0.0002845707651712668,26.15
431,sim15,NOR,124460052.678,3,18.63936990484703,0.00034671944753132764,26.31
432,sim15,R00,198073721.76,3,19.104169829521265,0.0003106341827333058,25.99
433,sim15,R01,199091995.221,3,19.1091975392689,0.00015624940924650947,26.2
434,sim15,R02,199425608.297,3,19.11085846053056,0.00029150208779344863,26.52
435,sim15,R03,199688373.951,3,19.112208522749206,0.0003144703982128702,25.81
436,sim15,R04,197391132.225,3,19.10067768407392,0.00025130669277635985,26.05
437,sim15,R05,200164197.036,3,19.114781900331426,0.0003781254286914353,26.06
438,sim15,R06,199242726.186,3,19.110007694331234,8.32870130346789e-05,26.55
439,sim15,R07,199824070.372,3,19.112921208046192,6.432465973965179e-05,26.17
440,sim15,R08,197923107.412,3,19.10352263509888,0.0002847921894843687,25.84
441,sim15,R09,196140979.689,3,19.094249460068262,0.00027645860923795944,26.18
442,sim15,R10,197299561.229,3,19.10017309019755,0.00010506085943516704,25.95
443,sim15,R11,197874550.539,3,19.10306302873737,0.00017604019991024198,26.04
444,sim15,R12,197882026.92,3,19.103114871286305,0.00028600882436898375,26.09
445,sim15,R13,199026832.199,3,19.10898365673858,0.0005139007053203791,25.97
446,sim15,R14,197724192.906,3,19.102350047938074,0.00015396533197234785,26.2
447,sim15,R15,196277489.004,3,19.095053542981386,0.00020404602370745065,26.09
448,sim16,CLK2,4999530.053,27,15.424867802787638,0.00022011482149535098,33.05
449,sim16,DCH0,45150392.918,3,17.625496192295955,0.00018042471189649636,32.88
450,sim16,DCH1,34329557.158,3,17.351543926581954,0.00012219398910021388,33.2
451,sim16,DCH2,27636976.834,3,17.134645161402837,0.00015104120102294287,32.74
452,sim16,DCH3,23152581.616,3,16.957643514240964,8.326625215957362e-05,33.08
453,sim16,DCH4,17481204.322,3,16.676636796834273,0.0002800504217920237,32.92
454,sim16,DCH5,14063510.815,3,16.459087441304707,0.0001501128130258539,32.76
455,sim16,DCH6,11748907.373,3,16.279250803175124,7.21120164574055e-05,33.04
456,sim16,DCH7,10092439.349,3,16.127090403721102,0.0003754990087127016,32.94
457,sim16,FO4,84677392.041,3,18.25433253647235,0.00010263257514617669,32.94
458,sim16,NAND,146243417.203,3,18.800769686746044,0.00016046479170402507,32.64
459,sim16,NOR,120114101.814,3,18.603912096235607,0.00011511712441352514,32.94
460,sim16,R00,194440504.334,3,19.08579883535249,0.0003718976579934443,33.03
461,sim16,R01,194676791.277,3,19.086877928489823,8.327458333593723e-05,32.44
462,sim16,R02,195425867.508,3,19.090604192350177,0.0003414831375814094,32.92
463,sim16,R03,191351246.106,3,19.06956699525608,0.00022875622583092063,32.93
464,sim16,R04,194607843.137,3,19.086570906577393,0.00016410209179540362,33.05
465,sim16,R05,194018032.144,3,19.083407776244144,0.00012990790828997604,32.85
466,sim16,R06,194411185.506,3,19.08555349010704,0.0002697499100540583,33.2
467,sim16,R07,192600154.083,3,19.0762334834871,0.00033301380146117635,32.72
468,sim16,R08,196891252.955,3,19.098288829311645,0.00025491753281005396,33.41
469,sim16,R09,194077102.804,3,19.083913145773337,0.00042093546899775664,33.13
470,sim16,R10,197156940.063,3,19.09939057226222,0.00033652563779083854,33.26
471,sim16,R11,194669003.115,3,19.086697878938693,0.0002139293646140017,32.78
472,sim16,R12,196109803.922,3,19.094158610687597,0.0001814547927631548,32.72
473,sim16,R13,196029008.232,3,19.093846511770977,0.0002193355993006313,33.13
474,sim16,R14,196845214.651,3,19.09810827590854,0.00038319655183696424,32.88
475,sim16,R15,191679506.934,3,19.07143571308006,0.0004406741071104915,32.98
476,sim17,CLK2,5000000.0,27,15.424976303237846,0.0003097629075084223,31.8
477,sim17,DCH0,45939193.534,3,17.64276920236576,0.00019694187291062061,31.85
478,sim17,DCH1,34968184.043,3,17.36981579455606,0.0004356117933282245,31.9
479,sim17,DCH2,28180229.937,3,17.154264505994075,0.00032136628455917,31.93
480,sim17,DCH3,23594015.48,3,16.976570321020684,0.00018904578220606982,31.66
481,sim17,DCH4,17836632.78,3,16.696731562939082,0.00029142099309767123,31.68
482,sim17,DCH5,14330963.71,3,16.47796637499389,0.00017244091566375166,31.61
483,sim17,DCH6,11987102.651,3,16.299248493886278,0.0002723002566181732,32.08
484,sim17,DCH7,10292379.599,3,16.146827630159695,0.00018590539997456602,31.42
485,sim17,FO4,85365312.393,3,18.262450394849733,9.998600476704577e-05,32.08
486,sim17,NAND,146584579.302,3,18.80304642413817,0.0004239986529660635,31.48
487,sim17,NOR,121521547.933,3,18.615409071259478,0.00044301122031286744,31.85
488,sim17,R00,199580838.323,3,19.11178991264809,0.00015874530785991243,31.81
489,sim17,R01,199361786.996,3,19.11052501673911,0.0002760813666071353,31.78
490,sim17,R02,198046751.189,3,19.104047015036063,0.00011374799902390042,31.63
491,sim17,R03,199119872.561,3,19.109250857125367,0.00032402442453189007,31.78
492,sim17,R04,198316792.378,3,19.10531618794928,0.0002949083413664639,31.61
493,sim17,R05,198980891.72,3,19.108659330625315,0.00012170564202378707,31.8
494,sim17,R06,198518665.608,3,19.10638033921957,0.00018042110227011493,31.58
495,sim17,R07,196209201.73,3,19.094852287847868,0.0003310594640689341,32.0
496,sim17,R08,196415169.661,3,19.095707311890465,9.605465026767994e-05,31.75
497,sim17,R09,195476665.337,3,19.091080782205015,0.00022379972103685729,31.66
498,sim17,R10,196652139.461,3,19.0967252247686,0.00045558961339179315,31.35
499,sim17,R11,199123855.038,3,19.109297543869246,0.0002600558002295415,31.86
500,sim17,R12,198515283.843,3,19.106323319416457,0.00011014744158261695,31.67
501,sim17,R13,197201433.121,3,19.09965547557267,0.0003502785483047924,31.77
502,sim17,R14,197891183.479,3,19.103094035532525,0.0002673029766720562,31.41
503,sim17,R15,196523790.798,3,19.096373983715143,0.0005644621001289531,31.55
504,sim18,CLK2,5000000.0,27,15.424964300455963,0.0003048101758696698,35.16
505,sim18,DCH0,45822715.189,3,17.640323813832058,0.00023184675932565903,35.46
506,sim18,DCH1,34906780.253,3,17.368171633077637,0.00015103214531389148,35.02
507,sim18,DCH2,28180690.977,3,17.15399419549747,0.00037442964276184436,35.09
508,sim18,DCH3,23610219.116,3,16.977170182530063,0.0001311612000584489,35.29
509,sim18,DCH4,17813413.157,3,16.695635602028645,0.00033545029592137453,35.31
510,sim18,DCH5,14313725.49,3,16.47670279364792,6.428734121563247e-05,35.53
511,sim18,DCH6,11956053.94,3,16.296808290538326,0.0002162895101160911,35.33
512,sim18,DCH7,10271075.059,3,16.14474227098824,0.00017317908279939609,35.18
513,sim18,FO4,87511811.024,3,18.287204298156105,0.000366561038137649,35.57
514,sim18,NAND,148025458.851,3,18.812814816997427,0.0002498183744910495,35.02
515,sim18,NOR,125186500.888,3,18.64526788935562,0.0001251398438690726,34.96
516,sim18,R00,198304814.962,3,19.105295797773717,0.00017145527345461013,35.36
517,sim18,R01,199091995.221,3,19.109190865196865,0.0002043486802516106,35.44
518,sim18,R02,199844124.7,3,19.113041556741894,0.00025006457898476745,35.4
519,sim18,R03,198593563.766,3,19.106897566826863,0.0002914554790439908,34.97
520,sim18,R04,198808664.26,3,19.10778616517778,0.0001907205893218924,35.59
521,sim18,R05,196934594.169,3,19.09840889321172,0.00012224043752252114,35.35
522,sim18,R06,196292270.531,3,19.09510160760244,8.288823481314855e-05,35.55
523,sim18,R07,202204692.557,3,19.124951052449614,0.0004044906697789026,34.92
524,sim18,R08,198949462.793,3,19.10850804835425,0.00014744708109749147,35.25
525,sim18,R09,197275985.663,3,19.100208438674546,0.000199133873313981,35.34
526,sim18,R10,194528377.298,3,19.086033805792457,0.00019092340121944337,35.33
527,sim18,R11,197981724.275,3,19.10355810895703,0.0004648390601021236,35.59
528,sim18,R12,200553549.94,3,19.116305031146286,0.0005495681331053693,35.79
529,sim18,R13,195697399.527,3,19.092053292141344,0.0001428470495188976,35.5
530,sim18,R14,201191626.409,3,19.119761704475536,9.022935540456414e-05,35.45
531,sim18,R15,197127831.715,3,19.09949973873178,0.000291838871260248,35.85
532,sim19,CLK2,4999102.817,27,15.424761664860375,0.00023224151971418274,26.13
533,sim19,DCH0,47527096.406,3,17.676903870207013,0.00033007106396098227,26.44
534,sim19,DCH1,36229793.403,3,17.40546571309946,0.00016293990369204068,25.87
535,sim19,DCH2,29221462.388,3,17.190413976396044,0.0003200320105471466,25.94
536,sim19,DCH3,24473001.42,3,17.013087752826454,1.1548965238209092e-05,26.11
537,sim19,DCH4,18514624.213,3,16.734091471974963,3.463444370153864e-05,26.2
538,sim19,DCH5,14867927.896,3,16.514910270177193,0.00046145954476700435,26.05
539,sim19,DCH6,12428628.27,3,16.335539775538294,0.0001026725583043177,26.07
540,sim19,DCH7,10667976.005,3,16.182883628574277,0.00021947429424195157,26.05
541,sim19,FO4,89698546.564,3,18.3119184375232,0.00015539546079659013,26.04
542,sim19,NAND,154104776.579,3,18.85305660422968,0.0003189588329912381,26.11
543,sim19,NOR,130869029.276,3,18.689825315943832,0.00024579949584071614,25.93
544,sim19,R00,206680446.465,3,19.146791062096536,0.00029481623970287234,26.11
545,sim19,R01,204617273.844,3,19.13673183890731,0.00019289429808434097,26.16
546,sim19,R02,204646672.145,3,19.136795498357667,6.022766159599202e-05,26.33
547,sim19,R03,205162084.53,3,19.139397509149713,0.00033839140472558167,25.81
548,sim19,R04,204958228.906,3,19.13828957563739,0.0001245314689090175,26.08
549,sim19,R05,205255564.716,3,19.139471720828286,0.0005813835582158494,25.6
550,sim19,R06,202255546.426,3,19.125103426980996,0.0003794424542387054,26.43
551,sim19,R07,206300578.035,3,19.14479806784378,0.00019439837360834254,26.0
552,sim19,R08,204654816.04,3,19.136916067491885,0.0002522584733096914,26.2
553,sim19,R09,203868194.842,3,19.1329841855277,0.00040156613204766513,26.15
554,sim19,R10,205443714.051,3,19.140549304283613,0.000266361970203945,26.12
555,sim19,R11,201337710.3,3,19.1205077667603,0.0002855657129965329,26.33
556,sim19,R12,208780284.043,3,19.156732950482652,0.00017784567503024154,26.02
557,sim19,R13,206071723.001,3,19.14354138005558,0.0004803573768707447,26.14
558,sim19,R14,205283483.977,3,19.139995801596978,0.00025337892407717487,25.65
559,sim19,R15,205474814.203,3,19.140947867438037,0.0002328528180122764,25.97
