chip,c_lnf,se_c,g_x,g_y,se_gx,se_gy,g_x_ci,g_y_ci,n_rings,rms_resid
sim00,19.136260010797937,0.0019791273942835097,0.0002539405951464957,0.007881955528595164,0.003540370711799965,0.003540370711799965,"[-0.005590274464240808, 0.0060981556545338]","[0.0020377404692078598, 0.013726170587982468]",16,0.007998831143591937
sim01,19.11897584110541,0.0019791273942835097,0.003448695584473249,0.0007454438115481743,0.003540370711799965,0.003540370711799965,"[-0.0023955194749140547, 0.009292910643860553]","[-0.00509877124783913, 0.006589658870935478]",16,0.0080469879683571
sim02,19.081011779205046,0.0019791273942835097,-0.0006026876325178065,-0.002992572022363582,0.003540370711799965,0.003540370711799965,"[-0.0064469026919051105, 0.005241527426869497]","[-0.008836787081750886, 0.002851643037023722]",16,0.004390690998833647
sim03,19.11948374838363,0.0019791273942835097,-0.0017607953965308454,0.007195737917973233,0.003540370711799965,0.003540370711799965,"[-0.007605010455918149, 0.0040834196628564585]","[0.0013515228585859289, 0.013039952977360537]",16,0.007175299916913944
sim04,19.095398605585615,0.0019791273942835097,0.001434444438316973,0.012189570556866425,0.003540370711799965,0.003540370711799965,"[-0.004409770621070331, 0.007278659497704277]","[0.006345355497479121, 0.01803378561625373]",16,0.0069561803381198465
sim05,19.117046450181608,0.0019791273942835097,-0.003992457373374947,-0.0012189525790118338,0.003540370711799965,0.003540370711799965,"[-0.00983667243276225, 0.001851757686012357]","[-0.007063167638399138, 0.00462526248037547]",16,0.006766156167573115
sim06,19.086173532957208,0.0019791273942835097,-0.0075080893171151075,-0.0065290519381271395,0.003540370711799965,0.003540370711799965,"[-0.013352304376502411, -0.0016638742577278036]","[-0.012373266997514443, -0.0006848368787398355]",16,0.0060041729341963465
sim07,19.176648802949124,0.0019791273942835097,0.006553632908758544,-0.0036262683270740226,0.003540370711799965,0.003540370711799965,"[0.0007094178493712404, 0.012397847968145848]","[-0.009470483386461327, 0.0022179467323132813]",16,0.004316212581614258
sim08,19.038769453035627,0.0019791273942835097,0.0022635857706978513,-0.002268928619185928,0.003540370711799965,0.003540370711799965,"[-0.0035806292886894527, 0.008107800830085155]","[-0.008113143678573232, 0.003575286440201376]",16,0.00866480008965792
sim09,19.05797516308489,0.0019791273942835097,0.0033360286352088764,0.0033457080094922986,0.003540370711799965,0.003540370711799965,"[-0.0025081864241784275, 0.00918024369459618]","[-0.0024985070498950053, 0.009189923068879603]",16,0.0068991148502406275
sim10,19.08518652949892,0.0019791273942835097,-0.0019360903895497827,0.006142655861334667,0.003540370711799965,0.003540370711799965,"[-0.007780305448937087, 0.003908124669837521]","[0.0002984408019473632, 0.011986870920721971]",16,0.007071860833434488
sim11,19.133149279623503,0.0019791273942835097,0.0031051714117289464,4.4779202775568905e-05,0.003540370711799965,0.003540370711799965,"[-0.0027390436476583575, 0.00894938647111625]","[-0.005799435856611735, 0.005888994262162873]",16,0.010310803722005895
sim12,19.073746684715264,0.0019791273942835097,0.007784192121528477,0.005060665800722841,0.003540370711799965,0.003540370711799965,"[0.0019399770621411731, 0.013628407180915781]","[-0.0007835492586644628, 0.010904880860110145]",16,0.0073404105969280655
sim13,19.086963453853897,0.0019791273942835097,0.0008216435607701911,-0.0017893404105668864,0.003540370711799965,0.003540370711799965,"[-0.005022571498617113, 0.006665858620157495]","[-0.00763355546995419, 0.0040548746488204175]",16,0.005568786208102825
sim14,19.085439940726623,0.0019791273942835097,-0.0009666485166404115,0.005627492055623851,0.003540370711799965,0.003540370711799965,"[-0.0068108635760277154, 0.004877566542746892]","[-0.00021672300376345335, 0.011471707115011155]",16,0.007519749970462674
sim15,19.105352675406905,0.0019791273942835097,-0.0016164331036776503,0.00592474201412152,0.003540370711799965,0.003540370711799965,"[-0.007460648163064954, 0.004227781955709654]","[8.05269547342162e-05, 0.011768957073508824]",16,0.0048995433583789915
sim16,19.0868652912896,0.0019791273942835097,0.007799761664641913,-0.005497085553525238,0.003540370711799965,0.003540370711799965,"[0.0019555466052546093, 0.013643976724029217]","[-0.011341300612912542, 0.0003471295058620656]",16,0.006842762493490876
sim17,19.103105397087354,0.0019791273942835097,0.0013802624727379253,0.005628916488690017,0.003540370711799965,0.003540370711799965,"[-0.004463952586649379, 0.007224477532125229]","[-0.00021529857069728722, 0.01147313154807732]",16,0.005422470757376129
sim18,19.105425466844846,0.0019791273942835097,-0.0001514671686431157,0.002376010139156115,0.003540370711799965,0.003540370711799965,"[-0.00599568222803042, 0.005692747890744188]","[-0.003468204920231189, 0.008220225198543419]",16,0.0098218466594745
sim19,19.138729612540924,0.0019791273942835097,0.005507544374355078,-0.002424541253588597,0.003540370711799965,0.003540370711799965,"[-0.0003366706850322261, 0.011351759433742382]","[-0.0082687563129759, 0.003419673805798707]",16,0.007274433778013136
